ID,Topic,Source,Question,Translation
Al-en-01,Food,English (US),What is a common snack for preschool kids in your country?,ماذا يأكل الأطفال كوجبة خفيفة قبل المدرسة في الجزائر؟
Al-en-02,Food,English (US),What is a popular food to go with beer in your country?,ما هو الطعام الشعبي الذي يتناول مع البيرة في الجزائر؟
Al-en-04,Food,English (US),What is the most popular fruit in your country?,ما هي الفاكهة الأكثر شعبية في الجزائر؟
Al-en-06,Food,English (US),What is a common school cafeteria food in your country?,ما هو طعام كافتيريا المدرسة الشائع في الجزائر؟
Al-en-08,Food,English (US),What are the most commonly eaten snacks at shopping malls in your country?,ما هي الوجبات الخفيفة التي يتناولها الناس في مراكز التسوق في الجزائر؟
Al-en-09,Food,English (US),What is a popular snack at an amusement park in your country?,ما هي الوجبة الخفيفة الشعبية في مدينة الملاهي في الجزائر؟
Al-en-16,Education,English (US),"At what age do kids start preschool in your country? (Provide Arabic numerals (e.g., 12) only.)",في أي سن يبدأ الأطفال الذهاب للروضة في الجزائر؟ (استعمل الأرقام العربية فقط (مثلاً، 12.)
Al-en-17,Education,English (US),What is a popular afterschool sport for elementary schools in your country?,ما هو النشاط الرياضي المفضل بعد المدرسة لتلاميذ الابتدائي في الجزائر؟
Al-en-18,Education,English (US),For which subject do elementary students get private education in your country?,ما هي المادة التي يتلقى فيها أكثر تلاميذ الابتدائي دروسا خصوصية؟ 
Al-en-19,Education,English (US),What is a popular second language for high school students in your country?,ما هي اللغة الثانية الشائعة لطلاب الثانوية في الجزائر؟
Al-en-21,Education,English (US),Which subject is the most important for gifted education in your country?,أي مادة هي الأهم لتعليم الموهوبين في الجزائر؟
Al-en-32,Holidays/Celebration/Leisure,English (US),What is the main dish for Thanksgiving in your country?,ما هو الطبق الرئيسي لعيد الشكر في الجزائر؟
Al-en-33,Holidays/Celebration/Leisure,English (US),What do people do to celebrate Halloween in your country?,ماذا يفعل الناس للاحتفال بعيد الهالوين في الجزائر؟
Al-en-34,Holidays/Celebration/Leisure,English (US),What do people do to celebrate New Year's Day in your country?,ماذا يفعل الناس للاحتفال برأس السنة الجديدة في الجزائر؟
Al-en-35,Holidays/Celebration/Leisure,English (US),What do people do to celebrate Christmas in your country?,ماذا يفعل الناس للاحتفال بعيد الميلاد في الجزائر؟
Al-en-36,Holidays/Celebration/Leisure,English (US),What food is associated with Halloween in your country?,أي نوع من الطعام يرتبط بعيد الهالوين في الجزائر؟
Al-en-37,Holidays/Celebration/Leisure,English (US),What food is associated with Christmas in your country?,ما هي الأطعمة المرتبطة بعيد الميلاد في الجزائر؟
Al-en-38,Holidays/Celebration/Leisure,English (US),What food is associated with Valentine's day in your country?,ما هو الطعام المرتبط بعيد الحب في الجزائر؟
Al-en-39,Holidays/Celebration/Leisure,English (US),What do people eat on their birthday in your country?,ماذا يأكل الناس في أعياد ميلادهم في الجزائر؟
Al-en-40,Holidays/Celebration/Leisure,English (US),What is a popular outdoor place for families to have fun with little kids in your country?,ما هو مكان أشهر مكان لخروج العائلات مع الأطفال الصغار في الجزائر؟
Al-en-43,Holidays/Celebration/Leisure,English (US),What is a popular indoor activity for families in your country?,ما هي الأنشطة العائلية المنزلية في الجزائر؟
An-ar-02,Education,Arabic (Algeria),Where do university students have lunch in your country?,أين يتناول طلبة الجامعة غداءهم في الجزائر؟
An-ar-03,Education,Arabic (Algeria),Which month is the final exam term usually scheduled at high schools in your country? (Provide Arabic numerals (1~12) only.),في أي شهر يتم عادة جدولة الامتحانات النهائية في المدارس الثانوية في الجزائر؟ (أجب برقم من 1 إلى 12)
An-ar-08,Education,Arabic (Algeria),"How many hours a day do students in your country usually spend at high school? (Provide Arabic numerals in integers (0~24), without any decimal points.)",كم من ساعة في اليوم يقضيها طلاب المدرسة الثانوية  في الجزائر؟ (استعمل الأرقام العربية الصحيحة (0~24)، بدون أي نقاط عشرية.)
An-ar-09,Education,Arabic (Algeria),"How many languages do students study at high school in your country? (Provide Arabic numerals (e.g., 5) only.)","كم من لغة يدرس الطلاب في المدارس الثانوية في الجزائر؟ (أجب برقم, مثلا 5.)"
An-ar-34,Sport,Arabic (Algeria),What is the most popular sport played in a team at school in your country?,ما هي أشهر رياضة جماعية يتم لعبها في المدارس في الجزائر؟
An-ar-35,Sport,Arabic (Algeria),Who is the most popular sport commentator in your country?,من هو أشهر معلق رياضي في الجزائر؟
An-ar-36,Sport,Arabic (Algeria),What is the most popular sport team in your country?,ما هو أشهر فريق رياضي في الجزائر؟
An-ar-43,Sport,Arabic (Algeria),What are the common places or venues where individuals in your country usually gather to watch sports broadcasts?,ما هي الأماكن أو الفضاءات الشائعة التي يتجمع فيها الأفراد في الجزائر لمشاهدة بث رياضي؟
Ca-sp-05,Food,Spanish (Spain),"How many meals per day do people from your country usually have? (Provide Arabic numerals (e.g., 5) only.)",كم وجبة في اليوم يتناولها الناس في الجزائر عادة؟(استعمل الأرقام العربية مثل 5)
Ca-sp-06,Food,Spanish (Spain),Which is the most important meal of the day to people from your country?,ما هي أهم وجبة في اليوم بالنسبة للشعب الجزائري؟
Ca-sp-08,Food,Spanish (Spain),What is the most common ingredient used in your country's diet?,ما هو أكثر مكون شائع الاستخدام في النظام الغذائي الجزائري؟
Ca-sp-09,Food,Spanish (Spain),What do people from your country usually eat for dessert?,ماذا يأكل الناس في الجزائر عادة للتحلية بعد الطعام؟
Ca-sp-11,Food,Spanish (Spain),Which day of the week do people usually organize a family meal in your country?,أي يوم من أيام الأسبوع ينظم الناس عادة وجبة عائلية في الجزائر؟
Ca-sp-14,Food,Spanish (Spain),Which is the most popular hot drink in your country?,ما هو المشروب الساخن الأكثر شعبية في الجزائر؟
Ca-sp-19,Holidays/Celebration/Leisure,Spanish (Spain),What do young people from your country usually drink at the night club?,ماذا يشرب الشباب في الجزائر عادة في النادي الليلي؟
Ca-sp-21,Holidays/Celebration/Leisure,Spanish (Spain),At which month do people usually take holidays in your country? (Provide Arabic numerals (1~12) only.),في أي شهر يأخذ الناس عادة عطلاتهم في الجزائر؟(استعمل الأرقام العربية مثل 1~12).
Ca-sp-29,Holidays/Celebration/Leisure,Spanish (Spain),What tradition is there in your country for New Year's Eve?,ما هي التقاليد المتبعة في الجزائر ليلة رأس السنة؟
Ca-sp-38,Family,Spanish (Spain),Which is the typical type of house for a family in your country?,ما هو النوع النموذجي لمنازل العائلات في الجزائر؟
Ca-sp-41,Family,Spanish (Spain),Where do the dependent elderly usually live in your country?,أين يعيش كبار السن العاجزين عادة في الجزائر؟
Ca-sp-42,Family,Spanish (Spain),"How long (in weeks) is your country's maternity leave for mums? (Provide Arabic numerals (e.g., 20) only.)",كم تستغرق مدة إجازة الأمومة في الجزائر بالأسابيع؟ (استعمل الأرقام العربية مثل 20.).
Ca-sp-43,Family,Spanish (Spain),"How long (in weeks) is your country's paternity leave for dads? (Provide Arabic numerals (e.g., 20) only.)",كم تدوم (بالأسابيع) إجازة الأبوة في الجزائر للآباء؟ (استعمل الأرقام العربية مثل 20.)
Ca-sp-45,Family,Spanish (Spain),What type of destination is commonly chosen for a family vacation in your country?,أي وجهة يتم اختيارها عادة لقضاء عطلة عائلية في الجزائر؟
Gu-ch-05,Sport,Chinese (China),What sports do seniors like the most in your country?,ما هي الرياضات التي يفضلها كبار السن في الجزائر؟
Gu-ch-06,Sport,Chinese (China),What sports do men like to play the most in your country?,ما هي الرياضات التي يفضل الرجال ممارستها في الجزائر؟
Gu-ch-07,Sport,Chinese (China),Who is the most famous basketball player in your country?,من هو أشهر لاعب كرة سلة في الجزائر؟
Gu-ch-08,Sport,Chinese (China),What is the most popular sports among children in your country?,ما هو أشهر رياضة لدى الأطفال في الجزائر؟
Gu-ch-09,Sport,Chinese (China),What sports do women like to play the most in your country?,ما هي الرياضات التي تفضل النساء ممارستها في الجزائر؟
Gu-ch-11,Sport,Chinese (China),What sports event has your country won the most gold medals at the Olympics?,في أي رياضة فازت الجزائر بأكبر عدد من الميداليات الذهبية في الأولمبياد؟
Gu-ch-15,Sport,Chinese (China),What sports do male students in university like to play the most in your country?,ما هي الرياضات التي يفضل الطلاب الذكور في الجامعة ممارستها في الجزائر؟
Gu-ch-16,Family,Chinese (China),"How many people are there in a family on average in your country? (Provide Arabic numerals (e.g., 12) only.)",كم عدد الأشخاص في الأسرة في المتوسط في الجزائر؟ (استعمل الأرقام العربية مثل 12.)
Gu-ch-18,Family,Chinese (China),"How many children do couples usually have in your country? (Provide Arabic numerals (e.g., 12) only.)",كم عدد الأطفال الذي ينجبه الأزواج عادة في الجزائر؟ (استعمل الأرقام العربية مثل 12.)
Gu-ch-31,Education,Chinese (China),"What is the duration of elementary school in years in your country? (Provide Arabic numerals (e.g., 12) only.)","ما هي مدة الدراسة الابتدائية بالسنوات في الجزائر؟ (أجب برقم, مثلا 12.)"
Gu-ch-32,Education,Chinese (China),"What is the duration of compulsory education in years in your country? (Provide Arabic numerals (e.g., 12) only.)","ما هي مدة التعليم الإلزامي بالسنوات في الجزائر؟(أجب برقم, مثلا 12)"
Gu-ch-33,Education,Chinese (China),"From which age do students start learning their second language in your country? (Provide Arabic numerals (e.g., 12) only.)","من أي سن يبدأ الطلاب تعلم اللغة الثانية في الجزائر؟(أجب برقم, مثلا 12.)"
Gu-ch-38,Education,Chinese (China),"What is the duration of undergraduate education in your country? (Provide Arabic numerals (e.g., 12) only.)","ما هي مدة التعليم الجامعي في الجزائر؟ (أجب برقم, مثلا 12)"
Gu-ch-40,Education,Chinese (China),"What time do younger elementary school students finish school in your country? (Provide in HH:MM format (e.g., 18:00, 09:00).)",في أي وقت ينتهي دوام التلاميذ الصغار في المدارس الابتدائية في الجزائر؟ (قدم الوقت بتنسيق الساعة:الدقيقة مثلاً، 18:00، 09:00).
Gu-ch-41,Education,Chinese (China),"How many musical instruments do elementary school students in your country typically play? (Provide Arabic numerals (e.g., 12) only.)","كم عدد الآلات الموسيقية التي يعزف عليها تلاميذ المدارس الابتدائية في الجزائر عادة؟ (أجب برقم, مثلا 12.)"
Ji-ko-02,Work life,Korean (South Korea),What day of the week do people in your country prefer to have company dinners?,أي يوم من أيام الأسبوع يفضل الناس في الجزائر تنظيم عشاءات في الشركات؟
Ji-ko-03,Work life,Korean (South Korea),Which region/city has the highest number of financial companies in your country?,أي منطقة/مدينة تحتوي على أكبر عدد من الشركات المالية في الجزائر؟
Ji-ko-07,Work life,Korean (South Korea),What is the most famous private company in your country?,ما هي أشهر شركة خاصة في الجزائر؟
Ji-ko-08,Work life,Korean (South Korea),"What is the maximum number of hours one can work per week in your country? (Provide Arabic numerals (e.g., 12) only.)",ما هو العدد الأقصى لساعات العمل التي يمكن للمرء أن يعملها في الأسبوع في الجزائر؟(استعمل الأرقام العربية مثل 12).
Ji-ko-09,Work life,Korean (South Korea),What do people typically eat during company get-together in your country?,ماذا يأكل الناس عادة في تجمعات الشركات في الجزائر؟
Ji-ko-14,Work life,Korean (South Korea),What is the representative export item of your country?,ما هوأهم منتج تصدره الجزائر؟
Ji-ko-15,Work life,Korean (South Korea),"How long (in hours) is the typical lunch break in your country? (Provide Arabic numerals up to one decimal point (e.g., 2, 3.5) only.)",كم تدوم (بالساعات) فترة الاستراحة للغداء في الجزائر؟ (قدم الأرقام العربية بمنزلة عشرية واحدة (مثلاً، 2، 3.5) فقط.)
Ji-ko-16,Family,Korean (South Korea),Where do mothers stay for a certain period after childbirth for recovery in your country?,أين تقيم الأمهات لفترة معينة بعد الولادة للتعافي في الجزائر؟
Ji-ko-19,Family,Korean (South Korea),What is your country's most commonly given flower on Parents' Day?,ما هي الزهرة الأكثر إهداءً في الجزائر في يوم الوالدين؟
Ji-ko-22,Family,Korean (South Korea),What do people especially spend their first salary on in your country's society?,على ما ينفق الناس أول راتب لهم في المجتمع الجزائري؟
Ji-ko-24,Family,Korean (South Korea),What is the most preferred recreational facility among children in your country?,ما هي المرافق الترفيهية المفضلة لدى الأطفال في الجزائر؟
Ji-ko-25,Family,Korean (South Korea),What are the family-related holidays in your country?,ما هي العطل العائلية في الجزائر؟
Ji-ko-26,Family,Korean (South Korea),What are the key milestones associated with children's independence from their parents in your country's society?,ما هي المراحل الرئيسية المرتبطة باستقلال الأطفال عن والديهم في المجتمع الجزائري؟
Ji-ko-27,Family,Korean (South Korea),What is the common gift you give when visiting elderly parents in your country?,ما هي الهدية التي تقدمها عند زيارة الوالدين المسنين في الجزائر؟
Ji-ko-28,Family,Korean (South Korea),When is the first day that people celebrate after a child is born in your country?,متى يكون أول يوم يحتفل فيه الناس بولادة طفل في الجزائر؟
Ji-ko-29,Family,Korean (South Korea),Which age's birthday is celebrated the most grandly in your country's society?,أي عيد ميلاد يحتفل به بأكبر قدر من الفخامة في المجتمع الجزائري؟
Ji-ko-31,Education,Korean (South Korea),Where do middle and high school students in your country usually study for exams?,أين يدرس طلاب المتوسط والثانوي في الجزائر عادةً للامتحانات؟
Ji-ko-33,Education,Korean (South Korea),Where do high school students in your country usually go after dinner?,أين يذهب طلاب الثانوية في الجزائر عادة بعد العشاء؟
Ji-ko-34,Education,Korean (South Korea),How do elementary school students in your country go to school?,كيف يذهب تلاميذ المدارس الابتدائية في الجزائر إلى المدرسة؟
Ji-ko-35,Education,Korean (South Korea),What is the most common form of private education in your country?,ما هي أكثر أشكال التعليم الخاص شيوعًا في الجزائر؟
Ji-ko-36,Education,Korean (South Korea),Which subject’s academy/private educational institute do middle or high students most frequently attend in your country?,أي أكاديمية أو معهد تعليمي خاص بمادة معينة يرتادها طلاب المتوسط أو الثانوي في الجزائر بكثرة؟
Ji-ko-37,Education,Korean (South Korea),What type of clothing do middle and high school students wear to school in your country?,أي نوع من الملابس يرتديها طلاب المتوسط والثانوي إلى المدرسة في الجزائر؟
Ji-ko-38,Education,Korean (South Korea),Which major is considered the most difficult to gain admission to in your country?,أي تخصص جامعي يعتبر الأصعب  نسبة لمعدل القبول في الجزائر؟
Ji-ko-39,Education,Korean (South Korea),What is the most commonly learned musical instrument by elementary school students in your country?,ما هي الآلة الموسيقية التي يقبل أكثر تلاميذ المدارس على تعلمها؟
Ji-ko-40,Education,Korean (South Korea),What do high school students typically do during break time in schools in your country?,ماذا يفعل طلاب الثانوية عادة أثناء فترة الاستراحة في المدارس في الجزائر؟
Ji-ko-41,Education,Korean (South Korea),What kind of shoes do students wear in schools in your country?,أي نوع من الأحذية يرتديها الطلاب في المدارس في الجزائر؟
Ji-ko-42,Education,Korean (South Korea),What are the required subjects in your country's university entrance exam?,ما هي مواد امتحان دخول الجامعة في الجزائر؟
Ji-ko-44,Education,Korean (South Korea),Which region (within a city) in your country has the highest academic fervor?,أي منطقة (داخل مدينة) في الجزائر تتمتع بأعلى حماس أكاديمي؟
Ji-ko-45,Education,Korean (South Korea),What do people look forward to the most at university festivals in your country?,ما هو الشيء الذي يتطلع إليه الناس أكثر شيء في مهرجانات الجامعات في الجزائر؟
Jo-sp-01,Sport,Spanish (Spain),What is the second most popular sport in your country?,ما هو ثاني رياضة الأكثر شعبية في الجزائر؟
Jo-sp-02,Sport,Spanish (Spain),What is the most popular sport played without a ball in your country?,ما هي أشهر رياضة تُلعب بدون كرة في الجزائر؟
Jo-sp-09,Sport,Spanish (Spain),What sports are most associated with the upper class in your country?,ما هي الرياضات الأكثر ارتباطًا بالطبقة الغنية في الجزائر؟
Jo-sp-13,Sport,Spanish (Spain),What is the most popular water sport in your country?,ما هي الرياضة المائية الأكثر شعبية في الجزائر؟
Jo-sp-14,Sport,Spanish (Spain),What is the most popular mental sport in your country?,ما هي أشهر رياضة ذهنية في الجزائر؟
Jo-sp-18,Work life,Spanish (Spain),"How many holiday days per year does a standard worker gets in your country? (Provide Arabic numerals (e.g., 12) only.)",كم يوم عطلة في السنة يحصل عليها العامل العادي في الجزائر؟(استعمل الأرقام العربية مثل 12) 
Jo-sp-19,Work life,Spanish (Spain),What region in your country has been traditionally associated with agriculture?,ها هي أهم منطقة زراعية في الجزائر؟
Jo-sp-21,Work life,Spanish (Spain),"What time, if any, do people usually leave work for lunch in your country? (Provide in HH:MM format (e.g., 18:00, 09:00).)",متى يغادر الناس عادة العمل لتناول الغداء في الجزائر؟ (قدم الوقت بتنسيق الساعة:الدقيقة مثلاً، 18:00، 09:00).
Jo-sp-31,Education,Spanish (Spain),"What time do high school students tend to leave school in your country? (Provide in HH:MM format (e.g., 18:00, 09:00).)",في أي وقت يميل طلاب الثانوية لمغادرة المدرسة في الجزائر؟ (قدم الوقت بتنسيق الساعة:الدقائق مثل، 18:00، 09:00).
Jo-sp-32,Education,Spanish (Spain),What sport do elementary school students tend to practice at school in your country?,أي رياضة يميل تلاميذ المدارس الابتدائية لممارستها في المدارس في الجزائر؟
Jo-sp-36,Education,Spanish (Spain),"How long (in weeks) are summer vacations at elementary schools in your country? (Provide in Arabic numerals (e.g., 7, 8) only.)","كم تدوم عطلة الصيف (بالأسابيع) في المدارس الابتدائية في الجزائر؟  (استعمل الأرقام العربية مثل 7, 8)"
Jo-sp-37,Education,Spanish (Spain),"How long (in weeks) are summer vacations at universities in your country? (Provide in Arabic numerals (e.g., 7, 8) only.)","كم تدوم عطلة الصيف في الجامعات الجزائرية بالأسابيع؟ (استعمل الأرقام العربية مثل 7, 8.)"
Jo-sp-39,Education,Spanish (Spain),"At what age does elementary education begin in your country? (Provide in Arabic numerals (e.g., 7, 8) only.)","في أي سن يبدأ التعليم الابتدائي في الجزائر؟ (استعمل الأرقام العربية مثل 7, 8.)"
Jo-sp-43,Education,Spanish (Spain),"How many languages are studied in elementary education besides your country's official language? (Provide in Arabic numerals (e.g., 7, 8) only.)","كم لغة يتم دراستها في التعليم الابتدائي بالإضافة إلى اللغة الرسمية للجزائر؟(استعمل الأرقام العربية مثل 7, 8.)"
Jod-ch-01,Food,Chinese (China),What eating utensils do people commonly used in your country?,ما هي أدوات الأكل التي يستخدمها الناس عادة في الجزائر؟
Jod-ch-04,Food,Chinese (China),What soft drink do people in your country like to have?,أي مشروب غازي يفضله الناس في الجزائر؟
Jod-ch-06,Food,Chinese (China),What is the most popular traditional alcohol in your country?,ما هو أشهر نوع تقليدي من الكحول في الجزائر؟
Jod-ch-07,Food,Chinese (China),"How long (in hours) on average does it take for people in your country to have dinner at a restaurant? (Provide Arabic numerals up to one decimal point (e.g., 2, 3.5) only.)",كم يستغرق الناس من الوقت (بالساعات)عادةً لتناول العشاء في مطعم  في الجزائر؟ (قدم الأرقام العربية حتى منزلة عشرية واحدة (مثلاً، 2، 3.5) فقط.)
Jod-ch-09,Food,Chinese (China),"What time do people usually have dinner in your country? (Provide in HH:MM format (e.g., 18:00, 09:00).)",متى وقت يتناول الناس العشاء في الجزائر عادة؟ (قدم الوقت بتنسيق الساعة:الدقيقة مثلاً، 18:00، 09:00).
Jod-ch-12,Food,Chinese (China),What kind of soup do people from your country like to have?,أي نوع من الحساء يحبه الناس في الجزائر؟
Jod-ch-13,Food,Chinese (China),What street food do people from your country like to eat?,أي نوع من الأكلات الشعبية يحب الجزائريون تناولها؟
Jod-ch-15,Food,Chinese (China),What kind of seafood do people from your country like to eat?,أي نوع من المأكولات البحرية يحب الجزائريون تناولها؟
Jod-ch-16,Holidays/Celebration/Leisure,Chinese (China),What is the biggest festival in your country?,ما هو أكبر احتفال في الجزائر؟
Jod-ch-28,Holidays/Celebration/Leisure,Chinese (China),What is the most commonly used public transport by people when travelling between cites in your country?,ما هي وسيلة النقل العمومي الأكثر استخداما عند السفر بين المدن في الجزائر؟
Jod-ch-30,Holidays/Celebration/Leisure,Chinese (China),What are the specific decorations or symbols associated with the most biggest festival in your country?,ما هي الزينة أو الرموز الخاصة المرتبطة بأكبر عيد الاستقلال في الجزائر؟
Jod-ch-37,Sport,Chinese (China),What sports do women like to watch the most in your country?,ما هي الرياضة التي تفضل النساء مشاهدتها في الجزائر؟
Jod-ch-38,Sport,Chinese (China),What sports do men like to watch the most in your country?,ما هي الرياضة التي يفضل الرجال مشاهدتها في الجزائر؟
Jod-ch-41,Holidays/Celebration/Leisure,Chinese (China),What is the common leisure activity that females in their 20s in your country engage in?,ما هي النشاطات الترفيهية الشائعة التي تمارسها النساء في العشرينات من العمر في الجزائر؟
Jod-ch-42,Holidays/Celebration/Leisure,Chinese (China),What is the common leisure activity that males in their 20s in your country engage in?,ما هي النشاطات الترفيهية الشائعة التي يمارسها الشباب في العشرينات من العمر في الجزائر؟
Jod-ch-46,Work life,Chinese (China),"How long (in hours) do people usually take a break after lunch on a weekday in your country? (Provide Arabic numerals up to one decimal point (e.g., 2, 3.5) only.)",كم من الوقت (بالساعات) يأخذ الناس عادة استراحة بعد الغداء في يوم عمل في الجزائر؟ (قدم الأرقام العربية بمنزلة عشرية واحدة (مثلاً، 2، 3.5) فقط.)
Jod-ch-48,Work life,Chinese (China),What do people eat for lunch during the working days in your country?,ماذا يأكل الناس في الغداء خلال أيام العمل في الجزائر؟
Jod-ch-50,Work life,Chinese (China),"What is the average commute time (in minutes) for people in your country? (Provide Arabic numerals (e.g., 1) only.)",ما هو متوسط وقت التنقل للعمل للأشخاص في الجزائر؟
Jod-ch-51,Work life,Chinese (China),What is the most common transportation that people take to get to work in your country?,ما هي وسيلة النقل الأكثر شيوعاً التي يستخدمها الناس للذهاب إلى العمل في الجزائر؟
Jod-ch-54,Work life,Chinese (China),"How long (in days) is the marriage leave in your country? (Provide Arabic numerals (e.g., 12) only.)",ما هي مدة إجازة الزواج في الجزائر؟ (استعمل الأرقام العربية مثل 12).
Jod-ch-56,Work life,Chinese (China),"What is the typical retirement age for women in your country? (Provide Arabic numerals (e.g., 12) only.)",ما هو سن التقاعد  للنساء في الجزائر؟ (استعمل الأرقام العربية مثل 12).
Jod-ch-57,Work life,Chinese (China),"What is the typical retirement age for men in your country? (Provide Arabic numerals (e.g., 12) only.)",ما هو سن التقاعد النموذجي للرجال في الجزائر؟ (استعمل الأرقام العربية مثل 12).
Jod-ch-58,Work life,Chinese (China),Which profession is the most respected in your country?,أي مهنة هي الأكثر احترامًا في الجزائر؟
Jod-ch-60,Work life,Chinese (China),What is the duration (in hours) of a typical workday in your country? (Provide Arabic numerals (0~24) only.),ما هي مدة يوم العمل النموذجي في الجزائر بالساعات؟ (استعمل الأرقام العربية مثل 0~24).
Jod-ch-61,Work life,Chinese (China),Which occupation is most preferred among females in your country?,أي مهنة تفضلها النساء في الجزائر أكثر؟
Jod-ch-62,Work life,Chinese (China),Which occupation is most preferred among males in your country?,أي مهنة يفضلها الذكور في الجزائر؟
Ki-pe-17,Education,Persian (Iran),"On average, how far do students typically pursue their education in your country? (e.g., elementary, high school)",في المتوسط، إلى أي مستوى يواصل الطلاب تعليمهم في الجزائر عادة؟ (مثلاً، الابتدائية، الثانوية)
Ki-pe-24,Education,Persian (Iran),What language is taught in schools in your country besides English?,أي لغة تُدرَّس في المدارس الجزائرية بالإضافة إلى اللغة الإنجليزية؟
Ki-pe-30,Education,Persian (Iran),What days of the week are schools closed in your country?,أي أيام في الأسبوع تكون المدارس مغلقة في الجزائر؟
Ki-pe-32,Food,Persian (Iran),What food do the hosts usually prepare for the guests in your country?,ما هي الأطعمة التي يعدّها الناس للضيوف في الجزائر؟
Ki-pe-34,Food,Persian (Iran),What is the usual drink in the breakfast in your country?,ما هو المشروب المعتاد في وجبة فطور الصباح في الجزائر؟
Ki-pe-36,Food,Persian (Iran),"Except the food original from your country, which country's food is more popular in your country?",عدا الأكل الأصلي من الجزائر، أي دولة أخرى يعتبر أكلها الأكثر شعبية في الجزائر؟
Ki-pe-39,Food,Persian (Iran),What food is usually prepared for a family picnic in your country?,ما هي الأطعمة التي يتم إعدادها عادة لنزهة عائلية في الجزائر؟
Ki-pe-40,Food,Persian (Iran),Which food from your country is considered disgusting by the rest of the world?,أي طعام من الجزائر يعتبر مقززًا بالنسبة لبقية العالم؟
Ki-pe-43,Food,Persian (Iran),What is the name of the popular bread in your country?,ما هو اسم الخبز الشعبي في الجزائر؟
Ki-pe-51,Work life,Persian (Iran),"What time of day are government offices closed in your country? (Provide in HH:MM format (e.g., 18:00, 09:00).)",في أي وقت تغلق المكاتب الحكومية في الجزائر؟ (قدم الوقت بتنسيق الساعة:الدقيقة مثل، 18:00، 09:00).
Ki-pe-53,Work life,Persian (Iran),"What is the normal start time of government offices in your country? (Provide in HH:MM format (e.g., 18:00, 09:00).)",ما هو موعد بداية العمل الرسمي في المؤسسات الحكومية في الجزائر؟ (قدم الوقت بتنسيق الساعة والدقائق مثلاً، 18:00، 09:00).
Kik-in-01,Holidays/Celebration/Leisure,Indonesian (Indonesia),What national holiday has the longest duration in your country?,ما هو العيد الوطني الأطول مدة في الجزائر؟
Kik-in-02,Holidays/Celebration/Leisure,Indonesian (Indonesia),What are the common activities people from your country do to celebrate Independence day?,ما هي الأنشطة التي يقوم بها الجزائريون للاحتفال بيوم الاستقلال؟
Kik-in-04,Holidays/Celebration/Leisure,Indonesian (Indonesia),What is installed in front of the house when a family member dies in your country?,ماذا يتم تركيبه أمام المنزل عندما يتوفى أحد أفراد العائلة في الجزائر؟
Kik-in-05,Holidays/Celebration/Leisure,Indonesian (Indonesia),When is a pregnancy celebration or ceremony usually held in your country?,متى يتم عادة الاحتفال بالحمل أو إقامة مراسم لذلك في الجزائر؟
Kik-in-06,Holidays/Celebration/Leisure,Indonesian (Indonesia),What event is usually held before a wedding in your country?,ما هو الحدث الذي يقام عادة قبل الزفاف في الجزائر؟
Kik-in-07,Holidays/Celebration/Leisure,Indonesian (Indonesia),What is usually shared to the children during (Lunar) New Year in your country?,ماذا يتم توزيعه عادة على الأطفال خلال السنة الجديدة القمرية في الجزائر؟
Kik-in-08,Holidays/Celebration/Leisure,Indonesian (Indonesia),What activities are usually done days before Ramadan in your country?,ما هي الأنشطة التي تُمارس عادة في الأيام التي تسبق رمضان في الجزائر؟
Kik-in-10,Holidays/Celebration/Leisure,Indonesian (Indonesia),What is the most popular tourist attraction for foreign visitors in your country?,ما هي أشهر معلم سياحي للزوار الأجانب في الجزائر؟
Kik-in-11,Holidays/Celebration/Leisure,Indonesian (Indonesia),"What is the most popular religious sites (temple, church, etc.) for tourism in your country?",ما هي أشهر المواقع الدينية (معبد، كنيسة، إلخ) للسياحة في الجزائر؟
Kik-in-15,Holidays/Celebration/Leisure,Indonesian (Indonesia),What clothes do women usually wear on graduation commencement ceremony in your country?,ما هي الملابس التي ترتديها النساء عادة في حفل تخرج الجامعات في الجزائر؟
Kik-in-16,Food,Indonesian (Indonesia),What drink is commonly consumed in your country when the weather is cold?,ما هو المشروب الذي يتم استهلاكه بكثرة في الجزائر عندما يكون الطقس باردا؟
Kik-in-17,Food,Indonesian (Indonesia),What fruit is more commonly sold and found during Ramadan in your country?,أي نوع من الفواكه يُباع ويُوجد بكثرة خلال شهر رمضان في الجزائر؟
Kik-in-24,Food,Indonesian (Indonesia),What carbohydrate is usually served with chicken in a fast-food restaurant in your country?,أي نوع من الكربوهيدرات يقدم عادة مع الدجاج في مطعم الوجبات السريعة في الجزائر؟
Kik-in-31,Sport,Indonesian (Indonesia),What is the most famous martial art sports in your country?,ما هي أشهر رياضة فنون قتالية في الجزائر؟
Kik-in-34,Sport,Indonesian (Indonesia),What sports are often broadcasted on national television in your country?,ما هي الرياضات التي غالبا ما تُبث على التلفزيون الوطني في الجزائر؟
Kik-in-35,Sport,Indonesian (Indonesia),What sports were popular among people from your country during the COVID-19 pandemic?,ما هي الرياضات التي كانت شائعة بين الناس في الجزائر خلال جائحة كوفيد-19؟
Kik-in-36,Sport,Indonesian (Indonesia),Who is the most popular soccer coach in your country?,من هو أشهر مدرب كرة قدم في الجزائر؟
Kik-in-37,Sport,Indonesian (Indonesia),What soccer teams in your country are famous for their intense rivalry? (e.g. ___ vs ___),ما هي الفرق الكروية في الجزائر المعروفة بتنافسها الشديد؟ (مثلاً ___ ضد ___)
Kik-in-38,Sport,Indonesian (Indonesia),What are the names of soccer supporters in your country who are famous for their intense rivalry? (e.g. ___ vs ___),ما هي أسماء مشجعي كرة القدم في الجزائر الذين يشتهرون بتنافسهم الشديد؟ (مثلاً ___ ضد ___)
Kik-in-40,Sport,Indonesian (Indonesia),Who is the most famous male badminton player in your country?,من هو أشهر لاعب بادمنتون رجالي في الجزائر؟
Kik-in-41,Sport,Indonesian (Indonesia),Who is the most famous female badminton player in your country?,من هي أشهر لاعبة بادمنتون في الجزائر؟
Kik-in-44,Sport,Indonesian (Indonesia),What sport gets the most support from the government in your country?,أي رياضة تحظى بأكبر دعم من الحكومة في الجزائر؟
Kik-in-45,Sport,Indonesian (Indonesia),What sports field facilities are usually available at schools in your country?,ما هي المرافق الرياضية المتوفرة عادة في المدارس الجزائرية؟
Na-ko-02,Food,Korean (South Korea),What cafe beverage do people from your country most commonly enjoy?,أي مشروب يستمتع به الجزائريون عادة في المقاهي؟
Na-ko-04,Food,Korean (South Korea),What is the preferred hangover cure food for people from your country?,ما هو الطعام المفضل لعلاج صداع الخمر لدى الشعب الجزائري؟
Na-ko-05,Food,Korean (South Korea),What is the typical delivery food in your country?,ما هو الطعام الذي يطلبه الكثيرون في الجزائر؟(delivery)
Na-ko-07,Food,Korean (South Korea),What type of meat is consumed most by people from your country?,أي نوع من اللحوم يستهلكه الجزائريون أكثر؟
Na-ko-08,Food,Korean (South Korea),What fruit do people from your country often eat in the autumn season?,أي نوع من الفواكه يتناوله الجزائريون غالبًا في موسم الخريف؟
Na-ko-09,Food,Korean (South Korea),What side dish is the most commonly served on a dining table in your country?,ما هو الطبق الجانبي الأكثر شيوعاً الذي يُقدم على مائدة الطعام في الجزائر؟
Na-ko-11,Food,Korean (South Korea),What do people from your country eat while watching a soccer game?,ماذا يأكل الناس في الجزائر أثناء مشاهدة مباراة كرة القدم؟
Na-ko-15,Food,Korean (South Korea),What is the representative nourishing food in your country?,ما هو الطعام المغذي الممثل في الجزائر؟
Na-ko-16,Sport,Korean (South Korea),Who is the most famous soccer player in your country?,من هو أشهر لاعب كرة قدم في الجزائر؟
Na-ko-17,Sport,Korean (South Korea),What sports do male students enjoy during lunch time at school in your country?,ما هي الرياضة التي يستمتع بها الطلاب الذكور أثناء وقت الغداء في المدرسة في الجزائر؟
Na-ko-18,Sport,Korean (South Korea),What is the most common sport girls participate in during physical education classes in your country?,ما هي الرياضة التي تشارك فيها الفتيات خلال حصص التربية البدنية في الجزائر؟
Na-ko-19,Sport,Korean (South Korea),Who is the most popular volleyball player in your country?,من هو أشهر لاعب كرة طائرة في الجزائر؟
Na-ko-20,Sport,Korean (South Korea),What sports event do people from your country passionately support the most in international competitions?,أي حدث رياضي يتابعه الجزائريون بشغف في المنافسات الدولية؟
Na-ko-22,Sport,Korean (South Korea),Which country is considered the biggest rival in soccer matches for your country?,أي بلد يعتبر المنافس الأكبر  للجزائرفي مباريات كرة القدم ؟
Na-ko-23,Sport,Korean (South Korea),What type of sports academies do children attend the most in your country?,أي نوع من الأكاديميات الرياضية يرتادها الأطفال في الجزائر أكثر؟
Na-ko-24,Sport,Korean (South Korea),What is the most commonly eaten food in sports stadiums while watching games in your country?,ما هو الطعام الأكثر شيوعاً الذي يتناوله الناس في الملاعب الرياضية أثناء مشاهدة المباريات في الجزائر؟
Na-ko-25,Sport,Korean (South Korea),What are the typical sports played in your country's school sports day?,ما هي الرياضات النموذجية التي تُلعب في يوم الرياضة المدرسية في الجزائر؟
Na-ko-26,Sport,Korean (South Korea),What are the popular sports among the middle-aged population in your country?,ما هي الرياضات الشعبية لدى السكان في منتصف العمر في الجزائر؟
Na-ko-28,Sport,Korean (South Korea),Who is the most popular winter sports player in your country?,من هو أشهر لاعب رياضات شتوية في الجزائر؟
Na-ko-29,Sport,Korean (South Korea),Who is the most famous swimmer in your country?,من هو أشهر سباح في الجزائر؟
Na-ko-30,Sport,Korean (South Korea),What is the most popular e-sports game in your country?,ما هي أشهر لعبة رياضة  إلكترونية في الجزائر؟
Na-ko-33,Holidays/Celebration/Leisure,Korean (South Korea),What symbolic food do people from your country eat on (Lunar) New Year?,ما هي الأطعمة الرمزية التي يتناولها الجزائريون في السنة الجديدة القمرية؟
Na-ko-37,Holidays/Celebration/Leisure,Korean (South Korea),What is the most popular domestic vacation spot for people from your country?,ما هو أشهر مكان لقضاء العطلة داخل الجزائر بالنسبة للجزائريين؟
Na-ko-38,Holidays/Celebration/Leisure,Korean (South Korea),What is the most common wedding gift between bride and groom in your country?,ما هو أكثر هدية زواج شائعة بين العروس والعريس في الجزائر؟
Na-ko-39,Holidays/Celebration/Leisure,Korean (South Korea),What is typically given as a congratulatory gesture when attending a friend's wedding in your country?,ماذا يُعطى عادة كبادرة تهنئة عند حضور زفاف صديق في الجزائر؟
Na-ko-40,Holidays/Celebration/Leisure,Korean (South Korea),"How long (in days) does a funeral typically last in your country? (Provide Arabic numerals (e.g., 12) only.)",كم يوماً عادة ما تستمر مراسم الجنازة في الجزائر؟ (استعمل الأرقام العربية مثل 12).
Na-ko-41,Holidays/Celebration/Leisure,Korean (South Korea),What should you prepare as a condolence offering when attending a funeral in your country?,ماذا يجب أن تقدم كهدية عند حضور جنازة في الجزائر؟
Na-ko-42,Holidays/Celebration/Leisure,Korean (South Korea),What type of food is commonly provided at funeral parlors in your country?,أي نوع من الطعام يقدم عادة في مراسم الجنازات في الجزائر؟
Na-ko-43,Holidays/Celebration/Leisure,Korean (South Korea),What do people do in your country in the morning of the (Lunar) New Year?,ماذا يفعل الناس في الجزائر في صباح السنة القمرية الجديدة؟
Na-ko-44,Holidays/Celebration/Leisure,Korean (South Korea),When is the day with your country's most severe nationwide traffic congestion?,ما هو اليوم الذي تشهد فيه الجزائر أشد ازدحام مروري على الصعيد الوطني؟
Na-ko-45,Holidays/Celebration/Leisure,Korean (South Korea),What is the most popular honeymoon destination in your country?,ما هي أشهر وجهة شهر عسل في الجزائر؟
Ne-ar-05,Holidays/Celebration/Leisure,Arabic (Algeria),What is the most important national holiday in your country?,ما هو أهم عيد وطني في الجزائر؟
Ne-ar-06,Holidays/Celebration/Leisure,Arabic (Algeria),What do people from your country eat in Ramadan?,ماذا يأكل الجزائريون في رمضان؟
Ne-ar-09,Holidays/Celebration/Leisure,Arabic (Algeria),What do people from your country eat in Eid ul Fitr?,ماذا يأكل الناس  الجزائريون في عيد الفطر؟
Ne-ar-10,Holidays/Celebration/Leisure,Arabic (Algeria),What do people from your country eat in Eid ul Adha?,ماذا يأكل الناس الجزائريون في عيد الأضحى؟
Ne-ar-11,Holidays/Celebration/Leisure,Arabic (Algeria),Where do people from your country go to celebrate New Year's Day?,أين يذهب الناس في الجزائر للاحتفال برأس السنة الجديدة؟
Ne-ar-14,Holidays/Celebration/Leisure,Arabic (Algeria),Where do a family gather for Eid festivities in your country?,أين تجتمع العائلة للاحتفال بعيد الفطر في الجزائر؟
Ne-ar-16,Work life,Arabic (Algeria),"When is the weekend in your country (e.g. Monday, Tuesday)?",متى تكون عطلة نهاية الأسبوع في الجزائر (مثلا الاثنين، الثلاثاء)؟
Ne-ar-17,Work life,Arabic (Algeria),"At what time do most people start work in your country? (Provide in HH:MM format (e.g., 18:00, 09:00).)",في أي وقت يبدأ معظم الناس العمل في الجزائر؟ (قدم الوقت بتنسيق الساعة:الدقيقة مثل، 18:00، 09:00).
Ne-ar-18,Work life,Arabic (Algeria),"At what time do most people finish work in your country? (Provide in HH:MM format (e.g., 18:00, 09:00).)",في أي وقت ينهي معظم الناس العمل في الجزائر؟ (قدم الوقت بتنسيق الساعة:الدقائق مثلاً، 18:00، 09:00).
Ne-ar-20,Work life,Arabic (Algeria),What is considered to be a secure job in your country?,ما هو العمل الذي يعتبر آمنا في الجزائر؟
Ne-ar-24,Work life,Arabic (Algeria),Which city is the primary commercial hub in your country?,أي مدينة تعتبر المركز التجاري الرئيسي في الجزائر؟
Ne-ar-25,Work life,Arabic (Algeria),What is the industry that pays the best in your country?,ما هي الصناعة التي تدفع أفضل الأجور في الجزائر؟
Ne-ar-26,Work life,Arabic (Algeria),What is the most famous public corporation in your country?,ما هي أشهر شركة عمومية في الجزائر؟
Ne-ar-31,Food,Arabic (Algeria),What is the most famous dish in your country?,ما هو أشهر طبق في الجزائر؟
Ne-ar-32,Food,Arabic (Algeria),What do people usually have for breakfast in your country?,ماذا يتناول الناس عادة للفطور في الجزائر؟
Ne-ar-33,Food,Arabic (Algeria),"When do people usually have lunch in your country? (Provide in HH:MM format (e.g., 18:00, 09:00).)",متى يتناول الناس الغداء في الجزائر عادة؟ (قدم الوقت بتنسيق الساعة:الدقيقة مثل، 18:00، 09:00).
Ne-ar-34,Food,Arabic (Algeria),What is typically indispensable in meals in your country?,ما هو الشيء الأساسي الذي لا غنى عنه في الوجبات في الجزائر؟
Ne-ar-36,Food,Arabic (Algeria),What is a typical festive meal in your country?,ما هو الطبق الاحتفالي التقليدي في الجزائر؟
Ne-ar-37,Food,Arabic (Algeria),Which fruit do people usually offer tourists/visitors from abroad in your country?,أي نوع من الفواكه يقدمه الناس عادة للسياح/الزوار القادمين من الخارج في الجزائر؟
Ne-ar-38,Food,Arabic (Algeria),Which food do people usually offer as charity in your country?,أي نوع من الطعام يقدمه الناس عادة كصدقة في الجزائر؟
Ne-ar-39,Food,Arabic (Algeria),What is the cheapest fast food in your country?,ما هي أرخص الوجبات السريعة في الجزائر؟
Ne-ar-43,Food,Arabic (Algeria),What do people usually have with tea in your country?,ماذا يتناول الناس عادة مع الشاي في الجزائر؟
Ne-ar-44,Food,Arabic (Algeria),What do people have with coffee in your country?,ماذا يتناول الناس مع القهوة في الجزائر؟
New-am-02,Food,Amharic (Ethiopia),What is the most popular traditional food in your country?,ما هو أشهر طعام تقليدي في الجزائر؟
New-am-04,Food,Amharic (Ethiopia),What is the most popular dipping sauce in your country?,ما هو أشهر صلصة للتغميس في الجزائر؟
New-am-08,Food,Amharic (Ethiopia),What food is most often consumed during Christian fasting in your country?,ما هو الطعام الأكثر استهلاكا خلال صيام المسيحيين في الجزائر؟
New-am-15,Food,Amharic (Ethiopia),What food is usually prepared when mothers give birth in your country?,ما هو الطعام الذي يُعد عادةً عندما تلد الأمهات في الجزائر؟
New-am-27,Sport,Amharic (Ethiopia),Who is the most popular female sportperson in your country?,من هي أشهر رياضية في الجزائر؟
New-am-34,Education,Amharic (Ethiopia),Where do most elementary school students prepare for their exams in your country?,أين يستعد معظم تلاميذ المدارس الابتدائية لامتحاناتهم في الجزائر؟
New-am-41,Education,Amharic (Ethiopia),"In your country, at which grade level do students take their first national-level examination?",في أي مستوى دراسي يؤدي الطلاب امتحانهم الوطني الأول في الجزائر؟
New-am-53,Work life,Amharic (Ethiopia),Which region in your country is widely known for its coffee/tea industry?,أي منطقة في الجزائر معروفة بصناعة القهوة / الشاي؟
New-am-54,Work life,Amharic (Ethiopia),Which region in your country is widely known for its livestock industry?,أي منطقة في الجزائر معروفة بتربية المواشي؟
New-am-59,Work life,Amharic (Ethiopia),What is the main occupation of people living in deserts in your country?,ما هي المهنة الأساسية لسكان صحراء الجزائر؟
New-am-60,Work life,Amharic (Ethiopia),Which animal is typically used for transportation in your country?,أي حيوان يستخدم للنقل في الجزائر؟
New-am-72,Family,Amharic (Ethiopia),What is the most popular comic book for children to read in your country?,ما هو أشهر كتاب قصص مصورة للأطفال في الجزائر؟
New-am-73,Family,Amharic (Ethiopia),What is the most popular YouTube channel for children in your country?,ما هي أشهر قناة يوتيوب للأطفال في الجزائر؟
New-am-74,Family,Amharic (Ethiopia),What is the most popular talk show in your country?,ما هو أشهر برنامج حواري في الجزائر؟
New-am-77,Holidays/Celebration/Leisure,Amharic (Ethiopia),What is the most famous religious holiday in your country?,ما هو أشهر عيد ديني في الجزائر؟
New-am-81,Holidays/Celebration/Leisure,Amharic (Ethiopia),"What is the busiest month for weddings in your country? (Provide Arabic numerals (e.g., 1) only.)",ما هو أكثر شهر تقام فيه الأعراس في الجزائر؟ (قدم الأرقام العربية فقط مثل، 1.)
New-am-83,Holidays/Celebration/Leisure,Amharic (Ethiopia),What is the most popular traditional musical instrument in your country?,ما هي الآلة الموسيقية التقليدية الأكثر شعبية في الجزائر؟
New-as-01,Food,Assamese (Assam),What is the main agricultural product produced in your country?,ما هو المنتج الزراعي الرئيسي الذي يتم إنتاجه في الجزائر؟
New-as-02,Food,Assamese (Assam),What is the most popular wheat-based food item in your country?,ما هو أشهر طعام مصنوع من القمح في الجزائر؟
New-as-05,Food,Assamese (Assam),What is the most typical drink offered to guests when they visit households in your country?,ما هو المشروب الذي يُقدم عادة للضيوف في الجزائر؟
New-as-07,Food,Assamese (Assam),What is the most popular dish cooked with fish in your country?,ما هو أشهر طبق سمك في الجزائر؟
New-as-14,Food,Assamese (Assam),What food do people from your country like to eat during rainy weather?,ما هي الأطعمة التي يفضلها الجزائريون عندما يكون الطقس ممطرا؟
New-as-15,Food,Assamese (Assam),What drink is commonly consumed in your country when the weather is hot?,ما هو المشروب الذي يستهلك بكثرة في الجزائر عندما يكون الطقس حارا؟
New-as-20,Sport,Assamese (Assam),What is the most popular indoor sport in your country?,ما هي أشهر رياضة قاعة في الجزائر؟
New-as-29,Sport,Assamese (Assam),What sport do men in your country like to watch?,ما هي الرياضة التي  يحب الرجال مشاهدتها في الجزائر؟
New-as-30,Sport,Assamese (Assam),What sport do women in your country like to watch?,ما هي الرياضة التي  تحب النساء مشاهدتها في الجزائر؟أ
New-as-58,Work life,Assamese (Assam),What is the most popular beverage that people from your country like to drink in their workplace?,ما هو المشروب الذي يحب الجزائريون شربه في أماكن عملهم؟
New-as-64,Family,Assamese (Assam),On which holiday do all family members tend to reunite in your country?,في أي عيد يجتمع أفراد العائلة في الجزائر؟
New-as-76,Holidays/Celebration/Leisure,Assamese (Assam),What traditional games do families play during traditional holidays in your country?,ما هي الألعاب التقليدية التي تلعبها العائلات خلال العطل في الجزائر؟
New-as-80,Holidays/Celebration/Leisure,Assamese (Assam),What type of clothing do people from your country wear during traditional festivals?,ماذا يرتدي الجزائريون في الأعياد التقليدية؟
New-as-89,Holidays/Celebration/Leisure,Assamese (Assam),What traditional festival accessories do people from your country wear?,ما هي الإكسسوارات التي يرتديها  الجزائريون في الأعياد التقليدية؟
New-az-05,Food,Azerbaijani (Azerbaijan),What is the most famous region for alcohol production in your country?,ما هي أشهر منطقة لإنتاج الكحول في الجزائر؟
New-az-11,Food,Azerbaijani (Azerbaijan),What fruit do people from your country often eat in the summer season?,ما هي الفاكهة التي يتناولها الجزائريون عادة في فصل الصيف؟
New-az-12,Food,Azerbaijani (Azerbaijan),Which region in your country is known for its seafood?,ما هي المنطقة  الجزائرية المعروفة بمأكولاتها البحرية؟
New-az-21,Sport,Azerbaijani (Azerbaijan),Which region in your country is the most popular skiing destination?,ما هي الوجهة الأكثر شعبية للتزلج في الجزائر؟
New-az-26,Sport,Azerbaijani (Azerbaijan),Who is the most popular martial arts player in your country?,من هو أشهر لاعب فنون قتالية في الجزائر؟
New-az-27,Sport,Azerbaijani (Azerbaijan),Which sport has been one of the fastest-growing in your country over the last decade?,ما هي الرياضة لأسرع نمواً في الجزائر خلال العقد الماضي؟
New-az-39,Education,Azerbaijani (Azerbaijan),Which country is the most popular destination for students from your country studying abroad?,ما هو البلد الذي يتجه إليه معظم الطلاب الجزائريين عند الدراسة في الخارج؟
New-az-49,Work life,Azerbaijani (Azerbaijan),"How many people work in a typical family in your country? (Provide Arabic numerals (e.g., 1) only.)",ماهو عدد الأشخاص العاملين في عائلة نموذجية في الجزائر؟ (قدم الأرقام العربية فقط مثل، 1.)
New-az-60,Family,Azerbaijani (Azerbaijan),"In your country, who takes care of kids when both parents are working?","في الجزائر, من يعتني بالأطفال عندما يعمل الوالدان؟"
New-az-69,Holidays/Celebration/Leisure,Azerbaijani (Azerbaijan),What is the preferred alcoholic beverage for men from your country?,ما هو المشروب الكحولي المفضل لدى الرجال في الجزائر؟
New-az-70,Holidays/Celebration/Leisure,Azerbaijani (Azerbaijan),What is the preferred alcoholic beverage for women from your country?,ما هو المشروب الكحولي المفضل لدى النساء في الجزائر؟
New-az-73,Holidays/Celebration/Leisure,Azerbaijani (Azerbaijan),"How many people on average typically attend a wedding in your country? (Provide Arabic numerals (e.g., 1) only.)",ما هو عدد االمدعوين لحفللت الزفافعادة في الجزائر؟ (قدم الأرقام العربية فقط مثل، 1.)
New-ch-01,Food,Chinese (China),What kind of meat do people usually eat when they have barbecue in your country?,أي نوع من اللحوم يستعمل الجزائريون للشواء على الجمر؟
New-ch-02,Food,Chinese (China),"When do people usually have breakfast in your country? (Provide in HH:MM format (e.g., 18:00, 09:00).)",متى يتناول الناس عادة وجبة الإفطار في الجزائر؟ (قدم الوقت بتنسيق الساعة:الدقيقة مثل، 18:00، 09:00).
New-ch-04,Food,Chinese (China),What kinds of food do people usually eat for late-night snacks in your country?,أي أنواع من الطعام يتناول الناس عادة كوجبات خفيفة في آخر الليل في الجزائر؟
New-ch-05,Food,Chinese (China),What is the most famous spicy dish in your country?,ما هو أشهر طبق حار في الجزائر؟
New-ch-07,Food,Chinese (China),What food items do people typically pair with hard liquor in your country?,ما هي المأكولات التي يتناولها الناس عادة مع المشروبات الكحولية القوية في الجزائر؟
New-ch-08,Food,Chinese (China),What seasoning is indispensable in cooking in your country?,ما هي التوابل الأساسية للطبخ في الجزائر؟
New-ch-09,Food,Chinese (China),What food do people typically consume when the weather is cold in your country?,ما هي الأطعمة التي يستهلكها الناس عندما يكون الطقس باردا في الجزائر؟
New-ch-13,Food,Chinese (China),What is the most famous alcohol brand in your country?,ما هي أشهر ماركة كحول في الجزائر؟
New-ch-14,Food,Chinese (China),What foods do people usually eat when they are sick in your country?,ما هي الأطعمة التي يتناولها الجزائريون عادة عند المرض؟
New-ch-15,Food,Chinese (China),What prepared/ready-to-eat food do people typically buy at supermarkets in your country?,ما هي الأطعمة الجاهز التي يشتريها الجزائريون في السوبرماركت عادة؟
New-ch-16,Sport,Chinese (China),What is the most famous sports-related movie in your country?,ما هو أشهر فيلم عن الرياضة في الجزائر؟
New-ch-17,Sport,Chinese (China),What extreme sport do people generally wish to try the most in your country?,أي رياضة متطرفة يتمنى أكثر الناس تجربتها في الجزائر؟
New-ch-18,Sport,Chinese (China),Which track and field event is the most popular to watch during competitions in your country?,أي من مسابقات ألعاب القوى هي الأكثر مشاهدة خلال المنافسات في الجزائر؟
New-ch-19,Sport,Chinese (China),Which gymnastics event is the most popular to watch during competitions in your country?,أي حدث في الجمباز هو الأكثر مشاهدة خلال المسابقات في الجزائر؟
New-ch-23,Sport,Chinese (China),Who is the most famous table tennis player in your country?,من هو أشهر لاعب كرة طاولة في الجزائر؟
New-ch-26,Sport,Chinese (China),"In the Winter Olympics, which event is the most popular to watch in your country?",في الألعاب الأولمبية الشتوية، أي حدث هو الأكثر مشاهدة في الجزائر؟
New-ch-27,Sport,Chinese (China),Who is the most famous boxer in your country?,من هو أشهر ملاكم في الجزائر؟
New-ch-30,Sport,Chinese (China),Who is the most famous track and field athlete in your country?,من هو أشهر عداء في ألعاب القوى في الجزائر؟
New-ch-31,Work life,Chinese (China),What job do parents most hope their children will pursue in your country?,أي عمل يتمنى الآباء أن يختاره أبناؤهم في الجزائر؟
New-ch-32,Work life,Chinese (China),What office software do people typically use in the workplace in your country?,أي برامج مكتبية يستخدمها الناس في أماكن العمل في الجزائر؟
New-ch-38,Work life,Chinese (China),Which cities or regions are known for their import and export activities in your country?,أي المدن أو المناطق معروفة بأنشطتها في الاستيراد والتصدير في الجزائر؟
New-ch-39,Work life,Chinese (China),What platform is commonly used in the e-commerce industry in your country?,أي منصة تُستخدم بشكل شائع في صناعة التجارة الإلكترونية في الجزائر؟
New-ch-44,Work life,Chinese (China),"How long is the typical probation period for new employees before signing a formal contract in your country? (e.g., 1 month).",ما هي المدة النموذجية لفترة التجربة للموظفين الجدد قبل توقيع عقد رسمي في الجزائر؟ (مثلا، شهر واحد).
New-ch-45,Work life,Chinese (China),Which industries do young people typically choose to start businesses in your country?,في أي القطاعات يميل الشباب لبدء مشاريعهم التجارية في الجزائر؟
New-ch-49,Family,Chinese (China),What is the most common way for family members to communicate remotely in your country?,ما هي الطريقة الأكثر شيوعًا للتواصل عن بعد بين أفراد العائلة في الجزائر؟
New-ch-51,Family,Chinese (China),What form of accommodation is typically booked for family trips in your country?,أي نوع من أماكن الإقامة يتم حجزه عادة للرحلات العائلية في الجزائر؟
New-ch-54,Family,Chinese (China),Which fruit is usually prepared the most for family dinners in your country?,أي نوع من الفواكه يتم تحضيره بكثرة لعشاء العائلات في الجزائر؟
New-ch-64,Education,Chinese (China),"How many hours of classes do university students typically have per week in your country? (Provide Arabic numerals (e.g., 1) only.)",كم عدد ساعات الدراسة التي يتلقاها طلاب الجامعة الجزائرية  في الأسبوع؟ (استخدم الأرقام العربية فقط مثل، 1.)
New-ch-66,Education,Chinese (China),"What is the typical tuition fee per semester for public high schools in your country?  (Provide Arabic numerals (e.g., 1) only.)",ما هي الرسوم الدراسية النموذجية لكل فصل دراسي في المدارس الثانوية العامة في الجزائر؟ (استخدم الأرقام العربية فقط مثل، 1
New-ch-70,Education,Chinese (China),What compulsory courses do university students have in common in your country?,ما هي المواد الإجبارية التي يشترك فيها طلاب الجامعة في الجزائر؟
New-ch-71,Education,Chinese (China),"What is the average class size in high schools in your country? (Provide Arabic numerals (e.g., 1) only.)",ما هو متوسط حجم الفصل في المدارس الثانوية في الجزائر؟ (استخدم الأرقام العربية فقط مثل، 1)
New-ch-72,Education,Chinese (China),Which major is considered most conducive to employment in your country?,أي تخصص يعتبرالأسهل للتوظيف في الجزائر؟
New-ch-73,Education,Chinese (China),What type of clubs are most popular among university students in your country?,أي نوع من النوادي هو الأكثر شعبية بين طلاب الجامعات في الجزائر؟
New-ch-74,Education,Chinese (China),What types of accommodation do university students in your country typically live in?,أين يعيش معظم طلاب الجامعة في الجزائر؟
New-ch-75,Education,Chinese (China),"How long is each class period for middle school students in your country (minutes)?  (Provide Arabic numerals (e.g., 1) only.)",كم تدوم الحصة الدراسية لطلاب المرحلة الثانوية في الجزائر (بالدقائق)؟  (استخدم الأرقام العربية فقط مثل، 1)
New-ch-78,Holidays/Celebration/Leisure,Chinese (China),What leisure activities do retired women typically like in your country?,ما هي الأنشطة الترفيهية التي تفضلها النساء المتقاعدات في الجزائر؟
New-ch-79,Holidays/Celebration/Leisure,Chinese (China),What leisure activities do retired men typically like in your country?,ما هي الأنشطة الترفيهية التي يفضلها الرجال المتقاعدون في الجزائر؟
New-ch-80,Holidays/Celebration/Leisure,Chinese (China),"During which holidays do people typically visit religious sites (temples, churches, etc.) in your country?",في أي الأعياد يقوم الناس بزيارة الأماكن الدينية (المعابد، الكنائس، إلخ) في الجزائر؟
New-ch-81,Holidays/Celebration/Leisure,Chinese (China),What are the typical housewarming gifts in your country?,ما هي الهدايا التي تقدم عند زيارة بيت جديد في الجزائر؟
New-ch-82,Holidays/Celebration/Leisure,Chinese (China),"At what time do weddings typically start in your country? (Provide in HH:MM format (e.g., 18:00, 09:00).)",في أي وقت عادة ما تبدأ حفلات الزفاف في الجزائر؟ (قدم الوقت بتنسيق الساعة:الدقائق مثلاً، 18:00، 09:00).
New-ch-83,Holidays/Celebration/Leisure,Chinese (China),Which city in your country hosts festivals the most?,أي مدينة في الجزائر تستضيف أكثر الأعياد والمهرجانات؟
New-ch-84,Holidays/Celebration/Leisure,Chinese (China),What color of clothing do people typically wear when attending weddings in your country?,ما هو لون الملابس التي يرتديها الناس عند حضور الأعراس في الجزائر؟
New-ch-85,Holidays/Celebration/Leisure,Chinese (China),What color of clothing do people typically wear when attending funerals in your country?,ما هو لون الملابس التي يرتديها الناس عادة عند حضور الجنازات في الجزائر؟
New-en-01,Food,English (UK),Which snack is eaten in the cinema in your country?,ما ذا يتناول الناس في السينما في الجزائر؟
New-en-02,Food,English (UK),What is the most popular chip/crisp flavour in your country?,ما هي أكثر نكهة شيبس/كريسب شعبية في الجزائر؟
New-en-04,Food,English (UK),Who is a popular celebrity chef in your country?,من هو أشهر طباخ في الجزائر؟
New-en-05,Food,English (UK),Which food is a cost-effective and quick meal option in your country?,ما هي الوجبة السريعة الاقتصادية في الجزائر؟
New-en-07,Food,English (UK),What are the most popular cooking shows in your country?,ما هي أشهر برامج الطبخ في الجزائر؟
New-en-08,Food,English (UK),What is the most popular chocolate brand in your country?,ما هي أشهر ماركة شوكولاتة في الجزائر؟
New-en-10,Food,English (UK),What is the most eaten cheese in your country?,ما هو الجبن الأكثر استهلاكا في الجزائر؟
New-en-11,Food,English (UK),What is the most disliked vegetable in your country?,ما هي الخضار االأقل  استحسانا بين الناس في الجزائر؟
New-en-12,Food,English (UK),What food is most commonly found in food courts in your country?,ما هو الطعام الأكثر شيوعاً في مطاعم المراكز التجارية في الجزائر؟
New-en-17,Sport,English (UK),What are the most common cheering tools used by sports fans in your country?,ما هي أكثر الأدوات التشجيعية شيوعًا بين مشجعي الرياضة في الجزائر؟
New-en-18,Sport,English (UK),What do fans bring with them when attending a live game in your country?,ماذا يجلب المشجعون معهم عند حضور مباراة مباشرة في الجزائر؟
New-en-19,Sport,English (UK),What is the most well known sporting stadium in your country?,ما هو أشهر ملعب رياضي في الجزائر؟
New-en-23,Sport,English (UK),Who is the most famous Paralympian in your country?,من هو أشهر بارالمبي في الجزائر؟
New-en-26,Sport,English (UK),What is the best recognized sporting chant in your country?,ما هو أشهر هتاف رياضي في الجزائر؟
New-en-38,Work life,English (UK),Which industries are known for more flexible working hours in your country?,أي المهن معروفة بساعات العمل المرنة في الجزائر؟
New-en-41,Work life,English (UK),Who is the most well known and successful entrepreneur in your country?,من هو أشهر وأنجح رائد أعمال في الجزائر؟
New-en-47,Family,English (UK),What can typically be found in the back garden of houses in your country?,ما الذي يمكن أن نجد عادة في حديقة المنزل الخلفية في الجزائر؟
New-en-49,Family,English (UK),What is the name of the most famous family in your country?,ما هو اسم أشهر عائلة في الجزائر؟
New-en-50,Family,English (UK),What is the most common family name in your country?,ما هو أكثر اسماء العائلة شيوعًا في الجزائر؟
New-en-55,Family,English (UK),Which religion is most commonly practiced by families in your country?,أي ديانة هي الأكثر ممارسة من قبل العائلات في الجزائر؟
New-en-56,Family,English (UK),What is the most popular foreign language spoken by families in your country?,ما هي أكثر لغة أجنبية يتحدث بها العائلات في الجزائر؟
New-en-59,Family,English (UK),Which country is the most popular destination for families from your country to emigrate to?,ما هو البلد التي تهاجر له أكثر العائلات الجزائريةا؟
New-en-68,Education,English (UK),What repercussions are there for bad behavior in schools in your country?,ما هي العواقب المترتبة على السلوك السيئ في المدارس في الجزائر؟
New-en-69,Education,English (UK),Which writers are commonly studied in literature class in your country?,من هم الكتّاب الذين تدرس أعمالهم في حصص الأدب في الجزائر؟
New-en-70,Education,English (UK),"How many school breaks are there in a year for high schools in your country? (Provide Arabic numerals (e.g., 1) only.)",كم عدد العطل المدرسية في السنة للمدارس الثانوية في الجزائر؟ (استعمل الأرقام العربية فقط مثل 1.)
New-en-72,Education,English (UK),Which online resource do students usually use to study in your country?,أي مورد إلكتروني يستخدمه الطلاب للدراسة في الجزائر؟
New-en-75,Education,English (UK),"What is the average length of a semester in terms of weeks of teaching at universities in your country? (Provide Arabic numerals (e.g., 1) only.)",ما هو متوسط طول الفصل الدراسي من حيث عدد أسابيع التدريس في الجامعات الجزائرية؟ (استعمل الأرقام العربية فقط مثل 1.)
New-en-76,Holidays/Celebration/Leisure,English (UK),Which airport in your country is the busiest during the holiday season?,ما هو المطار الأكثر ازدحامًا خلال موسم العطل في الجزائر؟
New-en-79,Holidays/Celebration/Leisure,English (UK),Which region of your country is well known for its theatrical performances?,ما هي المنطقة الجزائرية المعروفة بالعروض المسرحية؟
New-en-87,Holidays/Celebration/Leisure,English (UK),What is the most famous historic landmark in your country?,ما هو أشهر معلم تاريخي في الجزائر؟
New-en-90,Holidays/Celebration/Leisure,English (UK),What is the most famous hotel brand in your country?,ما هي أشهر علامة فندقية في الجزائر؟
New-gr-05,Food,Greek (Greece),What is the most popular grab-and-go breakfast option in your country?,ما هي أشهر وجبة فطور سريعة في الجزائر؟
New-gr-06,Food,Greek (Greece),What is the most popular food in your country among young people?,ما هو الطعام الأكثر شعبية بين الشباب في الجزائر؟
New-gr-08,Food,Greek (Greece),What type of alcoholic drink is most commonly consumed at festivals in your country?,ما هو المشروب الكحولي الذي يتم استهلاكه بكثرة في المهرجانات في الجزائر؟
New-gr-13,Food,Greek (Greece),What is the most common morning drink in your country?,ما هو المشروب الصباحي الأكثر شيوعا في الجزائر؟
New-gr-15,Food,Greek (Greece),What is the most popular traditional dessert in your country?,ما هي أشهر حلوى تقليدية في الجزائر؟
New-gr-21,Sport,Greek (Greece),What is the most popular racket sport in your country?,ما هي أكثر رياضة مضرب شعبية في الجزائر؟
New-gr-24,Sport,Greek (Greece),What is the most popular track and field sport in your country?,ما هو أشهر رياضة ألعاب قوى في الجزائر؟
New-gr-29,Sport,Greek (Greece),Which international sporting event is the most popular in your country?,أي حدث رياضي دولي هو الأكثر شعبية في الجزائر؟
New-gr-47,Work life,Greek (Greece),"How long (in minutes) are typical work breaks in your country, excluding lunch and dinner breaks? (Provide Arabic numerals (e.g., 1) only.)",كم تدوم (بالدقائق) فترات الراحة العادية في العمل بالجزائر، باستثناء فترات الغداء والعشاء؟ (قدم الأرقام بالأرقام العربية فقط مثلاً، 1).
New-gr-58,Work life,Greek (Greece),Which job is considered underpaid in your country?,ما الوظيفة التي  يعتبر أجرها منخفض في الجزائر؟
New-gr-76,Holidays/Celebration/Leisure,Greek (Greece),What is the most common food served during Easter in your country?,ما هو الطعام الذي يُقدم خلال عيد الفصح في الجزائر؟
New-gr-82,Holidays/Celebration/Leisure,Greek (Greece),What is the most popular music genre among the elderly population in your country?,ما هو أشهر نوع موسيقي بين المسنين في الجزائر؟
New-gr-88,Holidays/Celebration/Leisure,Greek (Greece),What drink is usually offered at funerals in your country?,ما هو المشروب الذي يُقدم في الجنازات في الجزائر؟
New-gr-89,Holidays/Celebration/Leisure,Greek (Greece),What drink is usually offered at weddings in your country?,ما هو المشروب الذي يُقدم في الأعراس في الجزائر؟
New-ha-07,Food,Hausa (Northern Nigeria),What food originated from your country and can be found all over the world?,ما هو الطعام الذي أصله من الجزائر ويمكن العثور عليه في جميع أنحاء العالم؟
New-ha-08,Food,Hausa (Northern Nigeria),What food is typically disliked by children but enjoyed by the elderly in your country?,ما هو الطعام الذي يكرهه الأطفال و يستمتع به كبار السن عادة في الجزائر؟
New-ha-09,Food,Hausa (Northern Nigeria),What cooking utensil is most commonly used in your country?,ما هي أداة الطبخ الأكثر استخداما في الجزائر؟
New-ha-13,Food,Hausa (Northern Nigeria),Which is the most popular vegetable in your country?,ما هو نوع الخضار الأكثر شعبية في الجزائر؟
New-ha-19,Sport,Hausa (Northern Nigeria),Which animal is used for sports in your country?,ما هو الحيوان الذي يُستخدم في الرياضة في الجزائر؟
New-ha-66,Family,Hausa (Northern Nigeria),What is the most popular wedding venue in your country?,ما هو أشهر مكان لإقامة الأعراس في الجزائر؟
New-in-01,Food,Indonesian (Indonesia),Which coffee shop brand is the most popular in your country?,ما هي العلامة التجارية لمقاهي الأكثر شعبية في الجزائر؟
New-in-03,Food,Indonesian (Indonesia),What type of food from your country is typically served in restaurants overseas?,ما هي  الأطعمة الجزائرية  التي تقدم عادة في المطاعم الجزائرية في الخارج؟
New-in-33,Work life,Indonesian (Indonesia),What region in your country is usually associated with mining?,أي منطقة في الجزائر عادة ما ترتبط بإستخراج المعادن؟
New-in-34,Work life,Indonesian (Indonesia),What region in your country is usually associated with oil?,أي منطقة في الجزائر عادة ما ترتبط بالنفط؟
New-in-62,Education,Indonesian (Indonesia),What university in your country is popular because of its engineering major? (Provide the official name.), ما هي الجامعة الجزائرية المشهورة بتخصص الهندسة؟ (استعمل الاسم الرسمي.)
New-in-63,Education,Indonesian (Indonesia),What university in your country is popular because of its school of medicine? (Provide the official name.), ما هي الجامعة الجزائرية المشهورة بتخصص الطب ؟ (استعمل الاسم الرسمي.)
New-in-78,Holidays/Celebration/Leisure,Indonesian (Indonesia),What is the most popular payment method in your country?,ما هي طريقة الدفع الأكثر استعمالا في الجزائر؟
New-in-80,Holidays/Celebration/Leisure,Indonesian (Indonesia),What is the most famous theme park in your country?,ما هي أشهر مدينة ملاهي في الجزائر؟
New-ko-01,Family,Korean (Korea),What is the most popular children's animation that is commonly watched by kids in your country?,ما هو أشهر فيلم كرتون الذي يشاهده الأطفال في الجزائر بكثرة؟
New-ko-02,Family,Korean (Korea),What is the most popular prenatal education activity for pregnant women in your country?,ما هو أشهر نشاط تعليمي قبل الولادة للنساء الحوامل في الجزائر؟
New-ko-03,Family,Korean (Korea),What is the most popular children's song in your country that families sing together?,ما هي أشهر أغنية للأطفال التي تغنيها العائلات معًا في الجزائر؟
New-ko-04,Family,Korean (Korea),Which toys are most popular among boys in your country?,ما هي الألعاب الأكثر شعبية بين الأولاد في الجزائر؟
New-ko-05,Family,Korean (Korea),Which toys are most popular among girls in your country?,ما هي الألعاب الأكثر شعبية بين الفتيات في الجزائر؟
New-ko-06,Family,Korean (Korea),What is the most popular folk tale in your country that is typically told to children?,ما هي أشهر قصة شعبية تُروى عادة للأطفال في الجزائر؟
New-ko-07,Holidays/Celebration/Leisure,Korean (Korea),What is the customary symbol of condolence used at funerals in your country?,ما هو الرمز التقليدي للتعزية المستخدم في الجنازات في الجزائر؟
New-ko-08,Work life,Korean (Korea),Where do university students in your country tend to work part-time the most?,أين يميل طلاب الجامعة  للعمل بدوام جزئي في الجزائر؟
New-ko-09,Work life,Korean (Korea),What are the most frequently practiced team-building activities in companies based in your country?,ما هي أنشطة بناء الفريق التي تمارس بشكل متكرر في الشركات الموجودة في الجزائر؟
New-ko-10,Work life,Korean (Korea),What are the most common activities people do as a side job in your country?,ما هي الأنشطة التي يقوم بها الناس كعمل إضافي في الجزائر؟
New-pe-02,Food,Persian (Iran),What is the most famous edible souvenir for tourists in your country?,ما هو أشهر أكل يقدم للسياح في الجزائر؟
New-pe-06,Food,Persian (Iran),What is the most popular stew in your country?,ما هو أشهر طاجين في الجزائر؟
New-pe-11,Food,Persian (Iran),What is the most common spice/herb used in dishes from your country?,ما هي التوابل/الأعشاب الأكثر استعمالا في الأطباق الجزائرية؟
New-pe-16,Sport,Persian (Iran),What is the most famous traditional sport in your country?,ما هي. أشهر الرياضات التقليدية في الجزائر؟
New-pe-20,Sport,Persian (Iran),What sport is popular to play on the beach in your country?,ما هي الرياضات التي يمارسها الناس على الشاطئ في الجزائر؟
New-pe-45,Work life,Persian (Iran),What is the usual work schedule during the month of Ramadan in your country?,ما هو جدول العمل المعتاد خلال شهر رمضان في الجزائر؟
New-pe-47,Family,Persian (Iran),"When is Student's Day celebrated in your country? (Provide in MM/DD format (e.g., 12/31).)",متى يتم الاحتفال بيوم الطالب في الجزائر؟ (قدمه بتنسيق شهر/يوم مثل 12/31).
New-pe-49,Family,Persian (Iran),Where do families gather to pray together in your country?,أين تتجمع العائلات للصلاة معًا في الجزائر؟
New-pe-53,Family,Persian (Iran),What gifts do fathers get on Father's Day (or Parents' Day) in your country?,ما هي الهدايا التي يحصل عليها الآباء في عيد الأب (أو عيد الوالدين) في الجزائر؟
New-pe-54,Family,Persian (Iran),What gifts do mothers get on Mother's Day (or Parents' Day) in your country?,ما هي الهدايا التي تحصل عليها الأمهات في عيد الأم (أو عيد الوالدين) في الجزائر؟
New-pe-59,Family,Persian (Iran),"How many generations typically live together in a household in your country? (Provide Arabic numerals (e.g., 12) only.)","في العائلة الجزائرية الواحدة, كم من جيل يعيشون معا في منزل واحد؟ (استعمل الأرقام العربية فقط مثل 12.)"
New-pe-65,Education,Persian (Iran),"How many subjects are taught in middle schools in your country? (Provide Arabic numerals (e.g., 12) only.)",كم عدد المواد التي يتم تدريسها في المدارس الثانوية في الجزائر؟ (استعمل الأرقام العربية فقط مثل 12.)
New-pe-66,Education,Persian (Iran),What is the most popular after school curricular in elementary schools in your country?,ما هي أكثر الأنشطة شعبية بعد المدرسة عند طلاب المدارس الابتدائية في الجزائر؟
New-pe-74,Education,Persian (Iran),How much is the average annual tuition fee for public universities in your country?,كم هي تكلفة الرسوم الدراسية السنوية المتوسطة للجامعات العمومية في الجزائر؟
New-pe-76,Holidays/Celebration/Leisure,Persian (Iran),What is a popular activity to do in parks in your country?,ما هي النشاطات التي يمكن القيام بها في الحدائق في الجزائر؟
New-pe-78,Holidays/Celebration/Leisure,Persian (Iran),What is the name of the most famous film festival held in your country?,ما هو اسم أشهر مهرجان سينمائي يقام في الجزائر؟
New-pe-83,Holidays/Celebration/Leisure,Persian (Iran),What is the popular card game played during social gatherings in your country?,ما هي لعبة الورق الشعبية التي يتم لعبها خلال اللقاءات الاجتماعية في الجزائر؟
New-pe-85,Holidays/Celebration/Leisure,Persian (Iran),Where is the most popular tourist destination abroad for people from your country?,ما هي أشهر وجهة سياحية خارج البلاد للجزائريين؟
New-pe-86,Holidays/Celebration/Leisure,Persian (Iran),What is the name of the most famous tower in your country?,ما هو اسم أشهر برج في الجزائر؟
New-spme-01,Food,Spanish (Mexico),What edible insect is eaten most often in your country?,ما هي الحشرة الصالحة للأكل التي يتم تناولها في الجزائر؟
New-spme-04,Food,Spanish (Mexico),Which agricultural product is exported most often in your country?,ما هو المنتج الزراعي يتم تصديره من الجزائر؟
New-spme-05,Food,Spanish (Mexico),What are the most popular sweets in your country?,ما هي أشهر الحلويات في الجزائر؟
New-spme-15,Sport,Spanish (Mexico),What is the most popular sports drink in your country?,ما هو المشروب الرياضي الأكثر شعبية في الجزائر؟
New-spme-27,Education,Spanish (Mexico),What is the average education level for people in your country?,ما هو متوسط مستوى التعليم في الجزائر؟
New-spme-37,Education,Spanish (Mexico),Which profession is most commonly studied abroad by students from your country?,"بالنسبة للطلاب الجزائريين, ما هو التخصص الأكثر شيوعاً للدراسة في الخارج؟"
New-spme-60,Family,Spanish (Mexico),"Which day of the week do most families in your country practice religious activities? (e.g. Monday, Tuesday)",في أي يوم من أيام الأسبوع تمارس معظم العائلات الجزائرية أنشطة دينية؟ (مثلا الاثنين، الثلاثاء)
New-spme-65,Family,Spanish (Mexico),What is the most popular way to celebrate Independence Day in your country?,ما هي الطريقة الشائعة للاحتفال بعيد الاستقلال في الجزائر؟
New-spme-68,Family,Spanish (Mexico),What is the most popular beverage among children in your country?,ما هو المشروب الأكثر شعبية بين الأطفال في الجزائر؟
New-spme-76,Holidays/Celebration/Leisure,Spanish (Mexico),What is the most popular place in your country to celebrate Independence Day?,ما هو أشهر مكان في الجزائر للاحتفال بعيد الاستقلال؟
New-spme-78,Holidays/Celebration/Leisure,Spanish (Mexico),What is the name of the song that is typically sung at birthday parties in your country?,ما هو اسم الأغنية التي يغنيها الناس في حفلات أعياد الميلاد في الجزائر؟
New-su-01,Food,Sundanese (West Java),What snacks are usually sold in front of schools in your country?,ما هي الوجبات الخفيفة التي تباع عادة أمام المدارس في الجزائر؟
New-su-09,Food,Sundanese (West Java),What oil is usually used for cooking in your country?,أي نوع من الزيت يستعمل عادة للطبخ في الجزائر؟
New-su-10,Food,Sundanese (West Java),What food is commonly consumed by pregnant women in your country?,ما هي الأطعمة التي تستهلكها النساء الحوامل في الجزائر؟
New-su-15,Food,Sundanese (West Java),What is the most popular traditional non-alcoholic drink in your country?,ما هو المشروب غير الكحولي الأكثر شعبية في الجزائر؟
New-su-17,Sport,Sundanese (West Java),What sports facilities are generally available in parks in your country?,ما هي المرافق الرياضية المتوفرة في الحدائق العامة في الجزائر؟
New-su-21,Sport,Sundanese (West Java),What are the common activities that seniors usually do in parks in your country?,ما هي الأنشطة الشائعة التي يقوم بها كبار السن في الحدائق  العامة في الجزائر؟
New-su-24,Sport,Sundanese (West Java),What sports do parents and children commonly play together in your country?,ما هي الرياضات الشائعة التي يمارسها الآباء والأطفال معًا في الجزائر؟
New-su-28,Sport,Sundanese (West Java),What color is associated with the national soccer team of your country?,أي لون مرتبط بالفريق الوطني الجزائري لكرة القدم؟
New-su-33,Education,Sundanese (West Java),What is the common dress code for school teachers in your country?,ما هو الزي المعتاد للمعلمين في الجزائر؟
New-su-34,Education,Sundanese (West Java),What is the most popular extracurricular activity related to music in schools in your country?,ما هي النشاط الموسيقي الأكثر شعبية في المدارس الجزائرية؟
New-su-42,Education,Sundanese (West Java),What religion is mainly taught in schools in your country?,أي ديانة تُدرَّس في المدارس في الجزائر؟
New-su-45,Education,Sundanese (West Java),"What date is Education Day celebrated in your country? (Provide in MM/DD format (e.g., 12/31).)",ما هو تاريخ الاحتفال بيوم التربية في الجزائر؟ (قدمه بصيغة شهر/يوم مثلاً، 12/31).
New-su-50,Work life,Sundanese (West Java),What is the main occupation of people in mountainous areas in your country?,ما هي المهنة الرئيسية لسكان المناطق الجبلية في الجزائر؟
New-su-51,Work life,Sundanese (West Java),What is the main occupation of people in coastal areas in your country?,ما هي المهنة الرئيسية لسكان المناطق الساحلية في الجزائر؟
New-su-57,Work life,Sundanese (West Java),What is the most common livestock raised in your country?,ما هي المواشي الأكثر شيوعاً في الجزائر؟
New-su-58,Work life,Sundanese (West Java),What animals are commonly used for agriculture in your country?,ما هي الحيوانات التي تستخدم عادة في الزراعة في الجزائر؟
New-su-59,Work life,Sundanese (West Java),What do farmers in your country typically wear to protect themselves from the heat whilst farming?,ماذا يرتدي الفلاحون لحماية أنفسهم من الحرارة أثناء الزراعة  في الجزائر؟
New-su-60,Work life,Sundanese (West Java),What do farmers in your country usually eat for lunch?,ماذا يتغدى الفلاحون عادة في الجزائر؟
New-su-71,Family,Sundanese (West Java),What gifts do parents generally give to their children for their birthdays in your country?,ماذا يهدي الآباء أبنائهم في أعياد ميلادهم في الجزائر؟
New-su-75,Family,Sundanese (West Java),What type of vehicle do most families in your country generally own?,ما هي وسيلة النقل التي تمتلكها معظم العائلات في الجزائر؟
New-su-77,Holidays/Celebration/Leisure,Sundanese (West Java),What is usually given to the children during Eid in your country?,ماذا يُعطى للأطفال خلال العيد عادةً في الجزائر؟
New-su-81,Holidays/Celebration/Leisure,Sundanese (West Java),What clothes do grooms usually wear at weddings in your country?,ما هي الملابس التي يرتديها العرسان عادة في الأعراس الجزائرية؟
New-su-82,Holidays/Celebration/Leisure,Sundanese (West Java),What clothes do brides usually wear at weddings in your country?,ما هي الملابس التي ترتديها العرائس عادة في الأعراس الجزائرية؟
New-su-83,Holidays/Celebration/Leisure,Sundanese (West Java),What food is usually served at weddings in your country?,ما هي الأطعمة التي تقدم عادة في الأعراس في الجزائر؟
New-su-86,Holidays/Celebration/Leisure,Sundanese (West Java),What is the most famous government building in your country?,ما هو أشهر مبنى حكومي في الجزائر؟
New-su-88,Holidays/Celebration/Leisure,Sundanese (West Java),What is the most popular music genre among the younger population in your country?,ما هو أشهر نوع موسيقي شبابي في الجزائر؟
Ni-en-02,Education,English (UK),"What time do middle school students in your country typically finish school each day? (Provide in HH:MM format (e.g., 18:00, 09:00).)",في أي وقت ينتهي طلاب الثانوية في الجزائر من المدرسة كل يوم؟ (قدم الوقت بتنسيق الساعة:الدقائق مثلاً، 18:00، 09:00).
Ni-en-03,Education,English (UK),"At what age do people in your country typically go to university? (Provide Arabic numerals (e.g., 12) only.)","في أي سن يبدأ الطلاب الجزائريين الذهاب للجامعة؟ (أجب برقم, مثلا 12.)"
Ni-en-06,Education,English (UK),"From what age do people need to attend compulsory education in your country? (Provide Arabic numerals (e.g., 12) only.)","في  أي سن يجب الالتحاق بالتعليم الإلزامي في الجزائر؟ (أجب برقم, مثلا 12.)"
Ni-en-09,Education,English (UK),How many days a week do children attend school in your country? (Provide Arabic numerals (0~7) only.),كم يوما في الأسبوع يذهب الأطفال إلى المدرسة في الجزائر؟ (قدم الأرقام العربية (0~7) فقط.)
Ni-en-11,Education,English (UK),"In your country, how long (in years) does a Master's degree typically take to complete? (Provide Arabic numerals (e.g., 12) only.)",في الجزائر، كم من الوقت (بالسنوات) يستغرق عادة لإكمال درجة الماجستير؟ (استعمل الأرقام افقط  مثلا 12.)
Ni-en-12,Education,English (UK),What is the top university in your country? (Provide the official name.),ما هي أفضل جامعة في الجزائر؟ (استعمل الاسم الرسمي.)
Ni-en-13,Education,English (UK),"At what age do most people in your country graduate from university? (Provide Arabic numerals (e.g., 12) only.)",في أي سن يتخرج معظم الناس في الجزائر من الجامعة؟ (استعمل الأرقام العربية فقط مثلاً 12.)
Ni-en-15,Education,English (UK),"At what age do children in your country generally start middle school? (Provide Arabic numerals (e.g., 12) only.)",في أي سن يبدأ الأطفال  المدرسة الثانوية عادة في الجزائر؟ (استعمل الأرقام العربية (مثلاً، 12).)
Ni-en-17,Work life,English (UK),"How many hours a week does a full-time worker in your country typically work? (Provide Arabic numerals (e.g., 12) only.)",كم عدد ساعات الأسبوع التي يعملها العامل بدوام كامل في الجزائر عادة؟(استعمل الأرقام العربية مثل 12).
Ni-en-19,Work life,English (UK),How many days a week does a full-time worker work in your country? (Provide Arabic numerals (0~7) only.),كم يوما في الأسبوع يعمل العامل بدوام كامل في الجزائر؟(استعمل الأرقام العربية مثل 0~7).
Ni-en-20,Work life,English (UK),"At what age do most people start working in your country? (Provide Arabic numerals (e.g., 12) only.)",في أي سن يبدأ معظم الناس العمل في الجزائر؟ ((استعمل الأرقام العربية مثل 12.)
Ni-en-21,Work life,English (UK),"From what age is an individual allowed to work in your country? (Provide Arabic numerals (e.g., 12) only.)",من عمر كم يسمح للفرد بالعمل في الجزائر؟ (استعمل الأرقام العربية مثل 12.)
Ni-en-31,Holidays/Celebration/Leisure,English (UK),What do people in your country traditionally eat on Christmas Day?,ماذا يأكل الناس في الجزائر في عيد الميلاد؟
Ni-en-37,Holidays/Celebration/Leisure,English (UK),What is the name of the day of the year where people in your country celebrate love and romance?,ما هو اسم اليوم في السنة الذي يحتفل فيه الناس في الجزائر بالحب والرومانسية؟
Ni-en-40,Holidays/Celebration/Leisure,English (UK),What is the most popular Christmas song in your country?,ما هي أشهر أغنية لعيد الميلاد في الجزائر؟
Nu-in-04,Education,Indonesian (Indonesia),"How many semesters are there each academic year at high schools in your country? (Provide in Arabic numerals (e.g., 7, 8) only.)","كم عدد الفصول الدراسية في كل سنة أكاديمية بالمدارس الثانوية في الجزائر؟ (استعمل الأرقام العربية مثل 7, 8.)"
Nu-in-05,Education,Indonesian (Indonesia),In which month does the new school year typically begin in your country? (Provide Arabic numerals (1~12) only.),"في أي شهر يبدأ عادة العام الدراسي الجديد في الجزائر؟ (استعمل الأرقام العربية مثل 7, 8.)"
Nu-in-06,Education,Indonesian (Indonesia),"When is National Teacher's Day commemorated in your country? (Provide in MM/DD format (e.g., 12/31).)",متى يتم الاحتفال باليوم الوطني للمعلم في الجزائر؟ (قدمه بصيغة شهر/يوم مثلاً 12/31).
Nu-in-11,Education,Indonesian (Indonesia),"At what time does elementary school start in your country? (Provide in HH:MM format (e.g., 18:00, 09:00).)",في أي وقت تبدأ المدرسة الابتدائية في الجزائر؟ (قدم الوقت بتنسيق الساعة:الدقيقة مثل، 18:00، 09:00).
Nu-in-20,Family,Indonesian (Indonesia),"When is Children's Day celebrated in your country? (Provide in MM/DD format (e.g., 12/31).)",متى يتم الاحتفال بيوم الطفل في الجزائر؟ (قدمه بتنسيق شهر/يوم مثل، 12/31).
Nu-in-40,Work life,Indonesian (Indonesia),Which city is the main destination for job seekers in your country?,أي مدينة هي الوجهة الرئيسية للباحثين عن عمل في الجزائر؟
Sa-en-1,Food,English (UK),What is your country's most popular fast food chain?,ما هي سلسلة الوجبات السريعة الأكثر شعبية في الجزائر؟
Sa-en-13,Food,English (UK),What is the food that is most divisive (either love or hate) in your country?,ما هو الطعام الذي يثير الانقسامات (إما الحب أو الكراهية) في الجزائر؟
Sa-en-16,Sport,English (UK),What is the most popular soccer team among the people from your country?,ما هو أشهر فريق كرة قدم بين الشعب الجزائري؟
Sa-en-22,Sport,English (UK),What is the most famous university in your country known for its sports team?,ما هي أشهر جامعة جزائرية المعروفة بفريقها الرياضي؟
Sa-en-31,Family,English (UK),What is your country's most popular family pet?,ما هو الحيوان الأليف الأكثر شعبية في العائلات الجزائرية؟
Sa-en-32,Family,English (UK),What is the most popular family TV show in your country?,ما هو أشهر برنامج تلفزيوني عائلي في الجزائر؟
Sa-en-37,Family,English (UK),What is the most popular family boardgame in your country?,ما هي أشهر لعبة عائلية في الجزائر؟
Sa-en-6,Food,English (UK),What is the most popular takeaway food in your country?,ما هو الطعام  السريع الأكثر شعبية في الجزائر (للأكل بعيدا عن المطعم)؟
Sa-en-7,Food,English (UK),What are popular snacks in your country?,ما هي الوجبات الخفيفة الشعبية في الجزائر؟
Sa-en-9,Food,English (UK),What do people from your country eat at the beach?,ماذا يأكل الناس في الجزائر على الشاطئ؟
Ta-pe-10,Family,Persian (Iran),"At what age do men usually get married in your country? (Provide Arabic numerals (e.g., 20) only.)",في أي سن يتزوج الرجال عادة في الجزائر؟(استعمل الأرقام العربية مثل 20.)
Ta-pe-11,Family,Persian (Iran),"At what age do women usually get married in your country? (Provide Arabic numerals (e.g., 20) only.)",في أي سن تتزوج النساء عادة في الجزائر؟ (استعمل الأرقام العربية مثل 20.)
Ta-pe-13,Family,Persian (Iran),"In your parents' generation, what was the average number of members in their family in your country? (Provide Arabic numerals (e.g., 20) only.)",في جيل والديك، ما كان معدل عدد الأفراد في العائلة في الجزائر؟  (استعمل الأرقام العربية مثل 20.)
Ta-pe-17,Sport,Persian (Iran),"In the Olympic Games, which sport is the most popular in your country?",في الألعاب الأولمبية، أي رياضة هي الأكثر شعبية في الجزائر؟
Ta-pe-21,Sport,Persian (Iran),Where do children usually play soccer in your country?,أين يلعب الأطفال كرة القدم عادة في الجزائر؟
Ta-pe-22,Sport,Persian (Iran),Which daily exercise is popular among women in your country?,ما هو التمرين الرياضي اليومي الشائع بين النساء في الجزائر؟
Ta-pe-23,Sport,Persian (Iran),Which daily exercise is popular among men in your country?,ما هو التمرين الرياضي اليومي الشائع بين الرجال في الجزائر؟
Ta-pe-25,Sport,Persian (Iran),"What is the most famous rivalry in a national sports league in your country? (e.g., ___ vs ___)",ما هي أشهر منافسة في دوري الرياضة الوطني في الجزائر؟ (مثلا، ___ ضد ___)
Ta-pe-29,Sport,Persian (Iran),Which professional sport is the highest paying in your country?,ما هي الرياضة المحترفة الأعلى أجرا في الجزائر؟
Ta-pe-30,Sport,Persian (Iran),What is/was the most popular sports-related TV program in your country?,ما هو أشهر برنامج تلفزيوني رياضي في الجزائر؟
Ta-pe-32,Holidays/Celebration/Leisure,Persian (Iran),What day of the year is usually dedicated to fireworks in your country?,أي يوم من أيام السنة يُخصص عادة للألعاب النارية في الجزائر؟
Ta-pe-37,Holidays/Celebration/Leisure,Persian (Iran),What is the common symbol of New Year's Eve that is usually found in your country?,ما هو الرمز المشترك ليلة رأس السنة الذي يوجد عادة في الجزائر؟
Ta-pe-42,Holidays/Celebration/Leisure,Persian (Iran),What food do people from your country usually eat on New Year's Eve?,ماذا يتناول الجزائريون عادة في ليلة رأس السنة؟
Ta-pe-45,Holidays/Celebration/Leisure,Persian (Iran),What is usually eaten during the celebration of the longest night of the year in your country?,ماذا يتم تناوله عادة خلال الاحتفال بأطول ليلة في السنة في الجزائر؟
Th-en-01,Sport,English (US),What is the most popular summer sport in your country?,ما هي الرياضة الصيفية الأكثر شعبية في الجزائر؟
Th-en-03,Sport,English (US),What is the most popular professional sports league in your country?,ما  هو أشهر دوري رياضي محترف في الجزائر؟
Th-en-05,Sport,English (US),What is the most popular women's sports team in your country?,ما هو أشهر فريق رياضي نسائي في الجزائر؟
Th-en-09,Sport,English (US),What is the most popular tournament in your country?,ما هو أشهر دوري في الجزائر؟
Th-en-11,Sport,English (US),Who is the most popular sportperson in your country?,من هو أشهر رياضي في الجزائر؟
Th-en-12,Sport,English (US),In which sport has your country been most successful in international competitions?,في أي رياضة حققت الجزائر أكبر نجاح في المنافسات الدولية؟
Th-en-15,Sport,English (US),What is the most popular winter sport in your country?,ما هي الرياضة الشتوية الأكثر شعبية في الجزائر؟
Th-en-19,Work life,English (US),What is a city or region in your country known for manufacturing industry?,ما هي مدينة أو منطقة في الجزائر معروفة بالصناعة التحويلية؟
Th-en-21,Work life,English (US),What is regarded as the most important perk typically offered to employees in your country?,ما هي أهم ميزة  تُقدم عادةً للموظفين في الجزائر؟
Th-en-22,Work life,English (US),What was the most catastrophic economic period for your country?,ما هي الفترة الاقتصادية الأكثر كارثية بالنسبة للجزائر؟
Th-en-24,Work life,English (US),What region in your country is a major hub for tech workers and start ups?,أي منطقة في الجزائر تعتبر مركزًا رئيسيًا للعاملين في مجال التكنولوجيا والشركات الناشئة؟
Th-en-27,Work life,English (US),What is the most important industry in your country?,ما هي أهم صناعة في الجزائر؟
Th-en-35,Family,English (US),"Which one of the daily meals is commonly shared with family members in your country? (e.g., breakfast, lunch, dinner)",أي وجبة من الوجبات اليومية يتم مشاركتها عادة مع أفراد العائلة في الجزائر؟ (مثل الفطور، الغداء، العشاء)
Th-en-36,Family,English (US),What is a popular family activity with a child to do on weekends in your country?,ما هي النشاطات العائلية الشائعة التي يمكن القيام بها مع الأطفال في عطلة نهاية الأسبوع في الجزائر؟
Th-en-37,Family,English (US),"At what age do children typically become independent from their parents in your country? (Provide Arabic numerals (e.g., 12) only.)",في أي سن يصبح الأطفال عادة مستقلين عن والديهم في الجزائر؟ (استعمل الأرقام العربية مثل 12.)
Th-en-38,Family,English (US),What is the most important family holiday in your country?,ما هو أهم عيد عائلي في الجزائر؟
Th-en-39,Family,English (US),What is a popular family game in your country?,ما هي لعبة عائلية شعبية في الجزائر؟
Th-en-41,Family,English (US),"What is the average age for couples to have their first child in your country? (Provide Arabic numerals (e.g., 20) only.)",ما هو متوسط العمر للأزواج لإنجاب طفلهم الأول في الجزائر؟  (استعمل الأرقام العربية مثل 20.)
Th-en-43,Family,English (US),"How many cars are owned by a typical family in your country? (Provide Arabic numerals (e.g., 12) only.)",ما عدد السيارات التي تمتلكها عائلة في الجزائر؟ (استعمل الأرقام العربية مثل 12.)
Th-en-44,Family,English (US),What is your country's most popular food for family meals on weekends?,ما هو الطعام الأكثر شعبية في الجزائر لوجبات العائلة في عطل نهاية الأسبوع؟
Th-en-45,Family,English (US),What is the most popular weekday evening family activity in your country?,ما هي أشهر نشاطات العائلة في مساء أيام الأسبوع في الجزائر؟
Th-en-48,Education,English (US),What is the highest grade given to top-achieving high school students on assignments and exams in your country?,ما هي أعلى درجة يتم منحها للطلاب المتفوقين في المدارس الثانوية في الجزائر على الواجبات والامتحانات؟
Th-en-49,Education,English (US),What is considered the most important exam for high school students in your country?,ما هو الاختبار الأكثر أهمية لطلاب الثانوية في الجزائر؟
Th-en-51,Education,English (US),Which subject is considered the most important for students in your country?,أي مادة تعتبر الأهم بالنسبة للطلاب في الجزائر؟
Th-en-53,Education,English (US),What is the most popular extracurricular social event at schools in your country?,ما هو أشهر نشاط اجتماعي في المدارس الجزائرية؟
Th-en-58,Education,English (US),What is the most advanced math subject learned before university in your country?,ما هو أصعب موضوع في مادة الرياضيات يُدرس قبل الجامعة في الجزائر؟
Tmp-ar-01,Education,Arabic (Algeria),Where do university students in your country usually go to study for their final exams?,أين يذهب طلاب الجامعة في الجزائر عادة للمذاكرة لامتحاناتهم النهائية؟
Tmp-ar-02,Education,Arabic (Algeria),What is a common public transport that people use to go to university in your country?,ما هي وسيلة النقل العامة الشائعة التي يستخدمها الناس للذهاب إلى الجامعة في الجزائر؟
Tmp-ar-04,Education,Arabic (Algeria),What do elementary students in your country usually do after school?,ماذا يفعل تلاميذ الابتدائي في الجزائر عادة بعد المدرسة؟
