,ID,Topic,Source,Question,Translation
0,Al-en-01,Food,English (US),Apa camilan umum untuk anak-anak TK di Indonesia?,What is a common snack for preschool kids in Indonesia?
1,Al-en-02,Food,English (US),Apa makanan populer yang cocok disantap bersama bir di Indonesia?,What is a popular food to go with beer in Indonesia?
2,Al-en-04,Food,English (US),Buah apa yang paling populer di Indonesia?,What is the most popular fruit in Indonesia?
3,Al-en-06,Food,English (US),Apa makanan kantin sekolah yang umum di Indonesia?,What is a common school cafeteria food in Indonesia?
4,Al-en-08,Food,English (US),Apa saja camilan yang paling sering dimakan di pusat perbelanjaan di Indonesia?,What are the most commonly eaten snacks at shopping malls in Indonesia?
5,Al-en-09,Food,English (US),Apa camilan populer di taman hiburan di Indonesia?,What is a popular snack at an amusement park in Indonesia?
6,Al-en-16,Education,English (US),"Pada usia berapa anak-anak mulai masuk taman kanak-kanak di Indonesia? (Berikan angka Arab (misalnya, 12) saja.)","At what age do kids start preschool in Indonesia? (Provide Arabic numerals (e.g., 12) only.)"
7,Al-en-17,Education,English (US),Apa olahraga populer setelah sekolah untuk siswa sekolah dasar (SD) di Indonesia?,What is a popular afterschool sport for elementary schools in Indonesia?
8,Al-en-18,Education,English (US),Untuk mata pelajaran apa siswa sekolah dasar di Indonesia mendapatkan pendidikan privat?,For which subject do elementary students get private education in Indonesia?
9,Al-en-19,Education,English (US),Apa bahasa kedua yang populer bagi siswa SMA di Indonesia?,What is a popular second language for high school students in Indonesia?
10,Al-en-21,Education,English (US),Mata pelajaran apa yang paling penting untuk pendidikan bagi siswa berbakat di Indonesia?,Which subject is the most important for gifted education in Indonesia?
11,Al-en-32,Holidays/Celebration/Leisure,English (US),Apa hidangan utama untuk perayaan Thanksgiving di Indonesia?,What is the main dish for Thanksgiving in Indonesia?
12,Al-en-33,Holidays/Celebration/Leisure,English (US),Apa yang dilakukan orang-orang untuk merayakan Halloween di Indonesia?,What do people do to celebrate Halloween in Indonesia?
13,Al-en-34,Holidays/Celebration/Leisure,English (US),Apa yang dilakukan orang-orang untuk merayakan Hari Tahun Baru di Indonesia?,What do people do to celebrate New Year's Day in Indonesia?
14,Al-en-35,Holidays/Celebration/Leisure,English (US),Apa yang dilakukan orang-orang untuk merayakan Natal di Indonesia?,What do people do to celebrate Christmas in Indonesia?
15,Al-en-36,Holidays/Celebration/Leisure,English (US),Makanan apa yang dikaitkan dengan Halloween di Indonesia?,What food is associated with Halloween in Indonesia?
16,Al-en-37,Holidays/Celebration/Leisure,English (US),Makanan apa yang dikaitkan dengan Natal di Indonesia?,What food is associated with Christmas in Indonesia?
17,Al-en-38,Holidays/Celebration/Leisure,English (US),Makanan apa yang dikaitkan dengan hari Valentine di Indonesia?,What food is associated with Valentine's day in Indonesia?
18,Al-en-39,Holidays/Celebration/Leisure,English (US),Apa yang biasanya orang makan di hari ulang tahun mereka di Indonesia?,What do people eat on their birthday in Indonesia?
19,Al-en-40,Holidays/Celebration/Leisure,English (US),Apa tempat luar ruangan yang populer bagi keluarga untuk bersenang-senang bersama anak-anak kecil di Indonesia?,What is a popular outdoor place for families to have fun with little kids in Indonesia?
20,Al-en-43,Holidays/Celebration/Leisure,English (US),Apa kegiatan dalam ruangan yang populer untuk keluarga di Indonesia?,What is a popular indoor activity for families in Indonesia?
21,An-ar-02,Education,Arabic (Algeria),Di mana mahasiswa universitas makan siang di Indonesia?,Where do university students have lunch in Indonesia?
22,An-ar-03,Education,Arabic (Algeria),Bulan berapa biasanya jadwal ujian akhir semester di sekolah menengah atas di Indonesia? (Berikan hanya angka Arab (1~12).),Which month is the final exam term usually scheduled at high schools in Indonesia? (Provide Arabic numerals (1~12) only.)
23,An-ar-08,Education,Arabic (Algeria),"Berapa jam dalam sehari biasanya siswa di Indonesia menghabiskan waktu di sekolah menengah atas? (Gunakan angka Arab dalam bilangan bulat (0~24), tanpa titik desimal.)","How many hours a day do students in Indonesia usually spend at high school? (Provide Arabic numerals in integers (0~24), without any decimal points.)"
24,An-ar-09,Education,Arabic (Algeria),"Berapa banyak bahasa yang dipelajari oleh siswa di sekolah menengah atas di Indonesia? (Berikan angka Arab (misalnya, 5) saja.)","How many languages do students study at high school in Indonesia? (Provide Arabic numerals (e.g., 5) only.)"
25,An-ar-34,Sport,Arabic (Algeria),Apa olahraga tim paling populer yang dimainkan di sekolah-sekolah di Indonesia?,What is the most popular sport played in a team at school in Indonesia?
26,An-ar-35,Sport,Arabic (Algeria),Siapa komentator olahraga paling populer di Indonesia?,Who is the most popular sport commentator in Indonesia?
27,An-ar-36,Sport,Arabic (Algeria),Apa tim olahraga paling populer di Indonesia?,What is the most popular sport team in Indonesia?
28,An-ar-43,Sport,Arabic (Algeria),Apa saja tempat atau lokasi umum di mana orang-orang di Indonesia biasanya berkumpul untuk menonton siaran olahraga?,What are the common places or venues where individuals in Indonesia usually gather to watch sports broadcasts?
29,Ca-sp-05,Food,Spanish (Spain),"Berapa kali makan dalam sehari yang biasanya dilakukan oleh orang Indonesia? (Berikan angka numerik Arab saja (contoh, 5).)","How many meals per day do people from Indonesia usually have? (Provide Arabic numerals (e.g., 5) only.)"
30,Ca-sp-06,Food,Spanish (Spain),Manakah waktu makan yang paling penting dalam sehari bagi orang-orang Indonesia?,Which is the most important meal of the day to people from Indonesia?
31,Ca-sp-08,Food,Spanish (Spain),Apa bahan makanan yang paling sering digunakan dalam diet masyarakat Indonesia?,What is the most common ingredient used in Indonesia's diet?
32,Ca-sp-09,Food,Spanish (Spain),Apa yang biasanya dimakan orang Indonesia untuk makanan penutup?,What do people from Indonesia usually eat for dessert?
33,Ca-sp-11,Food,Spanish (Spain),Hari apa dalam seminggu orang biasanya mengadakan makan bersama keluarga di Indonesia?,Which day of the week do people usually organize a family meal in Indonesia?
34,Ca-sp-14,Food,Spanish (Spain),Minuman panas apa yang paling populer di Indonesia?,Which is the most popular hot drink in Indonesia?
35,Ca-sp-19,Holidays/Celebration/Leisure,Spanish (Spain),Apa yang biasanya diminum oleh anak muda dari Indonesia di klub malam?,What do young people from Indonesia usually drink at the night club?
36,Ca-sp-21,Holidays/Celebration/Leisure,Spanish (Spain),Pada bulan apa orang biasanya mengambil liburan di Indonesia? (Berikan angka Arab (1~12) saja.),At which month do people usually take holidays in Indonesia? (Provide Arabic numerals (1~12) only.)
37,Ca-sp-29,Holidays/Celebration/Leisure,Spanish (Spain),Apa tradisi yang ada di Indonesia untuk Malam Tahun Baru?,What tradition is there in Indonesia for New Year's Eve?
38,Ca-sp-38,Family,Spanish (Spain),Apa jenis rumah yang biasa untuk sebuah keluarga di Indonesia?,Which is the typical type of house for a family in Indonesia?
39,Ca-sp-41,Family,Spanish (Spain),Di mana para lansia yang membutuhkan bantuan biasanya tinggal di Indonesia?,Where do the dependent elderly usually live in Indonesia?
40,Ca-sp-42,Family,Spanish (Spain),"Berapa lama (dalam minggu) cuti hamil di Indonesia untuk ibu? (Hanya berikan angka Arab (misalnya, 20).)","How long (in weeks) is Indonesia's maternity leave for mums? (Provide Arabic numerals (e.g., 20) only.)"
41,Ca-sp-43,Family,Spanish (Spain),"Berapa lama (dalam minggu) cuti paternitas di Indonesia untuk ayah? (Hanya berikan angka Arab (misalnya, 20).)","How long (in weeks) is Indonesia's paternity leave for dads? (Provide Arabic numerals (e.g., 20) only.)"
42,Ca-sp-45,Family,Spanish (Spain),Jenis destinasi apa yang biasanya dipilih untuk liburan keluarga di Indonesia?,What type of destination is commonly chosen for a family vacation in Indonesia?
43,Gu-ch-05,Sport,Chinese (China),Olahraga apa yang paling disukai oleh orang tua di Indonesia?,What sports do seniors like the most in Indonesia?
44,Gu-ch-06,Sport,Chinese (China),Olahraga apa yang paling disukai untuk dimainkan oleh pria di Indonesia?,What sports do men like to play the most in Indonesia?
45,Gu-ch-07,Sport,Chinese (China),Siapa pemain bola basket paling terkenal di Indonesia?,Who is the most famous basketball player in Indonesia?
46,Gu-ch-08,Sport,Chinese (China),Apa olahraga paling populer di kalangan anak-anak di Indonesia?,What is the most popular sports among children in Indonesia?
47,Gu-ch-09,Sport,Chinese (China),Olahraga apa yang paling disukai untuk dimainkan oleh wanita di Indonesia?,What sports do women like to play the most in Indonesia?
48,Gu-ch-11,Sport,Chinese (China),Dalam olahraga apa Indonesia memenangkan medali emas terbanyak di Olimpiade?,What sports event has Indonesia won the most gold medals at the Olympics?
49,Gu-ch-15,Sport,Chinese (China),Olahraga apa yang paling disukai oleh mahasiswa pria di universitas untuk dimainkan di Indonesia?,What sports do male students in university like to play the most in Indonesia?
50,Gu-ch-16,Family,Chinese (China),"Berapa banyak orang rata-rata dalam satu keluarga di Indonesia? (Hanya berikan angka Arab (contoh, 12).)","How many people are there in a family on average in Indonesia? (Provide Arabic numerals (e.g., 12) only.)"
51,Gu-ch-18,Family,Chinese (China),"Berapa banyak anak yang biasanya dimiliki oleh pasangan di Indonesia? (Berikan hanya angka Arab (misalnya, 12).)","How many children do couples usually have in Indonesia? (Provide Arabic numerals (e.g., 12) only.)"
52,Gu-ch-31,Education,Chinese (China),"Berapa lama durasi sekolah dasar dalam tahun di Indonesia? (Berikan hanya angka Arab (misalnya, 12).)","What is the duration of elementary school in years in Indonesia? (Provide Arabic numerals (e.g., 12) only.)"
53,Gu-ch-32,Education,Chinese (China),"Berapa lama durasi pendidikan wajib dalam tahun di Indonesia? (Berikan hanya angka Arab (contoh, 12).)","What is the duration of compulsory education in years in Indonesia? (Provide Arabic numerals (e.g., 12) only.)"
54,Gu-ch-33,Education,Chinese (China),"Pada usia berapa siswa mulai belajar bahasa kedua di Indonesia? (Berikan angka Arab (misalnya, 12) saja.)","From which age do students start learning their second language in Indonesia? (Provide Arabic numerals (e.g., 12) only.)"
55,Gu-ch-38,Education,Chinese (China),"Berapa lama durasi pendidikan sarjana di Indonesia? (Berikan hanya angka Arab (contoh, 12).)","On average, how far do students typically pursue their education in Indonesia? (e.g., elementary, high school)"
56,Gu-ch-40,Education,Chinese (China),"Pukul berapa siswa sekolah dasar yang lebih muda selesai sekolah di Indonesia? (Berikan dalam format HH:MM (contoh, 18:00, 09:00).)","What time do younger elementary school students finish school in Indonesia? (Provide in HH:MM format (e.g., 18:00, 09:00).)"
57,Gu-ch-41,Education,Chinese (China),"Berapa banyak alat musik yang biasanya dimainkan oleh siswa sekolah dasar di Indonesia? (Hanya berikan angka Arab (misalnya, 12).)","How many musical instruments do elementary school students in Indonesia typically play? (Provide Arabic numerals (e.g., 12) only.)"
58,Ji-ko-02,Work life,Korean (South Korea),Hari apa dalam seminggu yang biasanya dipilih orang-orang di Indonesia untuk makan malam bersama perusahaan?,What day of the week do people in Indonesia prefer to have company dinners?
59,Ji-ko-03,Work life,Korean (South Korea),Wilayah/kota mana yang memiliki jumlah perusahaan keuangan terbanyak di Indonesia?,Which region/city has the highest number of financial companies in Indonesia?
60,Ji-ko-07,Work life,Korean (South Korea),Apa perusahaan swasta paling terkenal di Indonesia?,What is the most famous private company in Indonesia?
61,Ji-ko-08,Work life,Korean (South Korea),"Berapa jumlah maksimum jam kerja per minggu di Indonesia? (Hanya berikan angka Arab (contoh, 12).)","What is the maximum number of hours one can work per week in Indonesia? (Provide Arabic numerals (e.g., 12) only.)"
62,Ji-ko-09,Work life,Korean (South Korea),Apa yang biasanya orang makan saat pertemuan perusahaan di Indonesia?,What do people typically eat during company get-together in Indonesia?
63,Ji-ko-14,Work life,Korean (South Korea),Apa benda ekspor yang mewakili Indonesia?,What is the representative export item of Indonesia?
64,Ji-ko-15,Work life,Korean (South Korea),"Berapa lama (dalam jam) istirahat makan siang yang biasa di Indonesia? (Berikan angka Arab hingga satu desimal (contoh, 2, 3.5) saja.)","How long (in hours) is the typical lunch break in Indonesia? (Provide Arabic numerals up to one decimal point (e.g., 2, 3.5) only.)"
65,Ji-ko-16,Family,Korean (South Korea),Di mana ibu-ibu tinggal untuk sementara waktu setelah melahirkan untuk pemulihan di Indonesia?,Where do mothers stay for a certain period after childbirth for recovery in Indonesia?
66,Ji-ko-19,Family,Korean (South Korea),Apa bunga yang paling sering diberikan di Indonesia pada Hari Orang Tua?,What is Indonesia's most commonly given flower on Parents' Day?
67,Ji-ko-22,Family,Korean (South Korea),Apa yang biasanya orang-orang di Indonesia belanjakan untuk gaji pertama mereka?,What do people especially spend their first salary on in Indonesia's society?
68,Ji-ko-24,Family,Korean (South Korea),Apa fasilitas rekreasi yang paling disukai oleh anak-anak di Indonesia?,What is the most preferred recreational facility among children in Indonesia?
69,Ji-ko-25,Family,Korean (South Korea),Apa saja hari libur yang berkaitan dengan keluarga di Indonesia?,What are the family-related holidays in Indonesia?
70,Ji-ko-26,Family,Korean (South Korea),Apa saja tonggak utama yang terkait dengan kemandirian anak-anak dari orang tua mereka dalam masyarakat Indonesia?,What are the key milestones associated with children's independence from their parents in Indonesia's society?
71,Ji-ko-27,Family,Korean (South Korea),Apa hadiah yang biasa diberikan ketika mengunjungi orang tua yang lebih tua di Indonesia?,What is the common gift you give when visiting elderly parents in Indonesia?
72,Ji-ko-28,Family,Korean (South Korea),Kapan hari pertama yang dirayakan orang setelah seorang anak lahir di Indonesia?,When is the first day that people celebrate after a child is born in Indonesia?
73,Ji-ko-29,Family,Korean (South Korea),Ulang tahun usia berapa yang paling meriah dirayakan dalam masyarakat Indonesia?,Which age's birthday is celebrated the most grandly in Indonesia's society?
74,Ji-ko-31,Education,Korean (South Korea),Di mana siswa SMP dan SMA di Indonesia biasanya belajar untuk ujian?,Where do middle and high school students in Indonesia usually study for exams?
75,Ji-ko-33,Education,Korean (South Korea),Kemana biasanya siswa SMA di Indonesia pergi setelah makan malam?,Where do high school students in Indonesia usually go after dinner?
76,Ji-ko-34,Education,Korean (South Korea),Bagaimana cara siswa sekolah dasar di Indonesia pergi ke sekolah?,How do elementary school students in Indonesia go to school?
77,Ji-ko-35,Education,Korean (South Korea),Apa bentuk pendidikan swasta yang paling umum di Indonesia?,What is the most common form of private education in Indonesia?
78,Ji-ko-36,Education,Korean (South Korea),Akademi/institut pendidikan swasta mata pelajaran apa yang paling sering diikuti oleh siswa SMP atau SMA di Indonesia?,Which subjectâ€™s academy/private educational institute do middle or high students most frequently attend in Indonesia?
79,Ji-ko-37,Education,Korean (South Korea),Apa jenis pakaian yang dikenakan oleh siswa SMP dan SMA ke sekolah di Indonesia?,What type of clothing do middle and high school students wear to school in Indonesia?
80,Ji-ko-38,Education,Korean (South Korea),Jurusan mana yang dianggap paling sulit untuk diterima di Indonesia?,Which major is considered the most difficult to gain admission to in Indonesia?
81,Ji-ko-39,Education,Korean (South Korea),Apa alat musik yang paling sering dipelajari oleh siswa sekolah dasar di Indonesia?,What is the most commonly learned musical instrument by elementary school students in Indonesia?
82,Ji-ko-40,Education,Korean (South Korea),Apa yang biasanya dilakukan oleh siswa SMA selama waktu istirahat di sekolah-sekolah di Indonesia?,What do high school students typically do during break time in schools in Indonesia?
83,Ji-ko-41,Education,Korean (South Korea),Sepatu seperti apa yang dipakai oleh siswa di sekolah-sekolah di Indonesia?,What kind of shoes do students wear in schools in Indonesia?
84,Ji-ko-42,Education,Korean (South Korea),Apa saja mata pelajaran yang diwajibkan dalam ujian masuk universitas di Indonesia?,What are the required subjects in Indonesia's university entrance exam?
85,Ji-ko-44,Education,Korean (South Korea),Wilayah mana (di dalam sebuah kota) di Indonesia yang memiliki semangat akademis tertinggi?,Which region (within a city) in Indonesia has the highest academic fervor?
86,Ji-ko-45,Education,Korean (South Korea),Apa yang paling dinantikan orang-orang pada festival universitas di Indonesia?,What do people look forward to the most at university festivals in Indonesia?
87,Jo-sp-01,Sport,Spanish (Spain),Apa olahraga paling populer kedua di Indonesia?,What is the second most popular sport in Indonesia?
88,Jo-sp-02,Sport,Spanish (Spain),Apa olahraga paling populer yang dimainkan tanpa bola di Indonesia?,What is the most popular sport played without a ball in Indonesia?
89,Jo-sp-09,Sport,Spanish (Spain),Olahraga apa yang paling banyak dikaitkan dengan kelas atas di Indonesia?,What sports are most associated with the upper class in Indonesia?
90,Jo-sp-13,Sport,Spanish (Spain),Apa olahraga air paling populer di Indonesia?,What is the most popular water sport in Indonesia?
91,Jo-sp-14,Sport,Spanish (Spain),Apa olahraga mental yang paling populer di Indonesia?,What is the most popular mental sport in Indonesia?
92,Jo-sp-18,Work life,Spanish (Spain),"Berapa hari libur per tahun yang didapatkan oleh pekerja standar di Indonesia? (Berikan angka Arab (misalnya, 12) saja.)","How many holiday days per year does a standard worker gets in Indonesia? (Provide Arabic numerals (e.g., 12) only.)"
93,Jo-sp-19,Work life,Spanish (Spain),Wilayah mana di Indonesia yang secara tradisional dikaitkan dengan pertanian?,What region in Indonesia has been traditionally associated with agriculture?
94,Jo-sp-21,Work life,Spanish (Spain),"Pada jam berapa, jika ada, orang-orang biasanya meninggalkan pekerjaan untuk makan siang di Indonesia? (Berikan dalam format HH:MM (contoh, 18:00, 09:00).)","What time, if any, do people usually leave work for lunch in Indonesia? (Provide in HH:MM format (e.g., 18:00, 09:00).)"
95,Jo-sp-31,Education,Spanish (Spain),"Pukul berapa biasanya siswa SMA pulang dari sekolah di Indonesia? (Berikan dalam format JJ:MM (contoh, 18:00, 09:00).)","What time do high school students tend to leave school in Indonesia? (Provide in HH:MM format (e.g., 18:00, 09:00).)"
96,Jo-sp-32,Education,Spanish (Spain),Olahraga apa yang biasanya dilakukan oleh siswa sekolah dasar di sekolah-sekolah di Indonesia?,What sport do elementary school students tend to practice at school in Indonesia?
97,Jo-sp-36,Education,Spanish (Spain),"Berapa lama (dalam minggu) liburan musim panas di sekolah dasar di Indonesia? (Berikan dalam angka Arab (misalnya, 7, 8) saja.)","How long (in weeks) are summer vacations at elementary schools in Indonesia? (Provide in Arabic numerals (e.g., 7, 8) only.)"
98,Jo-sp-37,Education,Spanish (Spain),"Berapa lama (dalam minggu) liburan musim panas di universitas-universitas di Indonesia? (Berikan dalam angka Arab (misalnya, 7, 8) saja.)","How long (in weeks) are summer vacations at universities in Indonesia? (Provide in Arabic numerals (e.g., 7, 8) only.)"
99,Jo-sp-39,Education,Spanish (Spain),"Pada usia berapa pendidikan dasar dimulai di Indonesia? (Berikan dalam angka Arab (misalnya, 7, 8) saja.)","At what age does elementary education begin in Indonesia? (Provide in Arabic numerals (e.g., 7, 8) only.)"
100,Jo-sp-43,Education,Spanish (Spain),"Berapa banyak bahasa yang dipelajari di pendidikan dasar selain bahasa resmi Indonesia? (Berikan dalam angka Arab (contoh, 7, 8) saja.)","How many languages are studied in elementary education besides Indonesia's official language? (Provide in Arabic numerals (e.g., 7, 8) only.)"
101,Jod-ch-01,Food,Chinese (China),Alat makan apa yang biasa digunakan orang-orang di Indonesia?,What eating utensils do people commonly used in Indonesia?
102,Jod-ch-04,Food,Chinese (China),Minuman ringan apa yang disukai oleh orang-orang di Indonesia?,What soft drink do people in Indonesia like to have?
103,Jod-ch-06,Food,Chinese (China),Apa minuman alkohol tradisional yang paling populer di Indonesia?,What is the most popular traditional alcohol in Indonesia?
104,Jod-ch-07,Food,Chinese (China),"Berapa lama (dalam jam) rata-rata waktu yang dibutuhkan orang-orang di Indonesia untuk makan malam di restoran? (Berikan angka Arab hingga satu desimal (contoh, 2, 3.5) saja.)","How long (in hours) on average does it take for people in Indonesia to have dinner at a restaurant? (Provide Arabic numerals up to one decimal point (e.g., 2, 3.5) only.)"
105,Jod-ch-09,Food,Chinese (China),"Pukul berapa orang biasanya makan malam di Indonesia? (Berikan dalam format JJ:MM (contoh, 18:00, 09:00).)","What time do people usually have dinner in Indonesia? (Provide in HH:MM format (e.g., 18:00, 09:00).)"
106,Jod-ch-12,Food,Chinese (China),Jenis sup apa yang disukai oleh orang-orang Indonesia?,What kind of soup do people from Indonesia like to have?
107,Jod-ch-13,Food,Chinese (China),Makanan jalanan apa yang disukai oleh orang-orang dari Indonesia?,What street food do people from Indonesia like to eat?
108,Jod-ch-15,Food,Chinese (China),Jenis makanan laut apa yang disukai oleh orang-orang Indonesia?,What kind of seafood do people from Indonesia like to eat?
109,Jod-ch-16,Holidays/Celebration/Leisure,Chinese (China),Apa festival terbesar di Indonesia?,What is the biggest festival in Indonesia?
110,Jod-ch-28,Holidays/Celebration/Leisure,Chinese (China),Apa transportasi umum yang paling sering digunakan oleh masyarakat ketika bepergian antar kota di Indonesia?,What is the most commonly used public transport by people when travelling between cites in Indonesia?
111,Jod-ch-30,Holidays/Celebration/Leisure,Chinese (China),Apa saja dekorasi atau simbol khusus yang terkait dengan festival terbesar di Indonesia?,What are the specific decorations or symbols associated with the most biggest festival in Indonesia?
112,Jod-ch-37,Sport,Chinese (China),Olahraga apa yang paling disukai oleh wanita untuk ditonton di Indonesia?,What sports do women like to watch the most in Indonesia?
113,Jod-ch-38,Sport,Chinese (China),Olahraga apa yang paling disukai oleh pria untuk ditonton di Indonesia?,What sports do men like to watch the most in Indonesia?
114,Jod-ch-41,Holidays/Celebration/Leisure,Chinese (China),Apa kegiatan santai yang umum dilakukan oleh wanita usia 20-an di Indonesia?,What is the common leisure activity that females in their 20s in Indonesia engage in?
115,Jod-ch-42,Holidays/Celebration/Leisure,Chinese (China),Apa kegiatan santai yang umum dilakukan oleh pria di usia 20-an di Indonesia?,What is the common leisure activity that males in their 20s in Indonesia engage in?
116,Jod-ch-46,Work life,Chinese (China),"Berapa lama (dalam jam) orang biasanya istirahat setelah makan siang di hari kerja di Indonesia? (Berikan angka numerik Arab hingga satu desimal (contoh, 2, 3.5) saja.)","How long (in hours) do people usually take a break after lunch on a weekday in Indonesia? (Provide Arabic numerals up to one decimal point (e.g., 2, 3.5) only.)"
117,Jod-ch-48,Work life,Chinese (China),Apa yang biasanya orang makan siang selama hari kerja di Indonesia?,What do people eat for lunch during the working days in Indonesia?
118,Jod-ch-50,Work life,Chinese (China),"Berapa rata-rata waktu perjalanan dari rumah ke tempat kerja (dalam menit) untuk orang-orang di Indonesia? (Berikan angka Arab (contoh, 1) saja.)","What is the average commute time (in minutes) for people in Indonesia? (Provide Arabic numerals (e.g., 1) only.)"
119,Jod-ch-51,Work life,Chinese (China),Apa alat transportasi yang paling umum digunakan orang untuk pergi ke tempat kerja di Indonesia?,What is the most common transportation that people take to get to work in Indonesia?
120,Jod-ch-54,Work life,Chinese (China),"Berapa lama (dalam hari) cuti pernikahan di Indonesia? (Berikan hanya angka Arab (misalnya, 12).)","How long (in days) is the marriage leave in Indonesia? (Provide Arabic numerals (e.g., 12) only.)"
121,Jod-ch-56,Work life,Chinese (China),"Berapa usia pensiun yang umum untuk perempuan di Indonesia? (Berikan hanya angka Arab (contoh, 12).)","What is the typical retirement age for women in Indonesia? (Provide Arabic numerals (e.g., 12) only.)"
122,Jod-ch-57,Work life,Chinese (China),"Berapa usia pensiun yang umum untuk pria di Indonesia? (Berikan hanya angka Arab (contoh, 12).)","What is the typical retirement age for men in Indonesia? (Provide Arabic numerals (e.g., 12) only.)"
123,Jod-ch-58,Work life,Chinese (China),Profesi apa yang paling dihormati di Indonesia?,Which profession is the most respected in Indonesia?
124,Jod-ch-60,Work life,Chinese (China),Berapa lama (dalam jam) durasi hari kerja yang tipikal di Indonesia? (Berikan hanya angka Arab (0~24) saja.),What is the duration (in hours) of a typical workday in Indonesia? (Provide Arabic numerals (0~24) only.)
125,Jod-ch-61,Work life,Chinese (China),Pekerjaan apa yang paling disukai oleh perempuan di Indonesia?,Which occupation is most preferred among females in Indonesia?
126,Jod-ch-62,Work life,Chinese (China),Pekerjaan apa yang paling disukai oleh pria di Indonesia?,Which occupation is most preferred among males in Indonesia?
127,Ki-pe-17,Education,Persian (Iran),"Rata-rata, sejauh mana biasanya siswa mengejar pendidikan mereka di Indonesia? (misalnya, sekolah dasar, sekolah menengah atas)","On average, how far do students typically pursue their education in Indonesia? (e.g., elementary, high school)"
128,Ki-pe-24,Education,Persian (Iran),Bahasa apa yang diajarkan di sekolah-sekolah di Indonesia selain Bahasa Inggris?,What language is taught in schools in Indonesia besides English?
129,Ki-pe-30,Education,Persian (Iran),Pada hari apa saja sekolah-sekolah di Indonesia tutup?,What days of the week are schools closed in Indonesia?
130,Ki-pe-32,Food,Persian (Iran),Makanan apa yang biasanya disiapkan oleh tuan rumah untuk para tamu di Indonesia?,What food do the hosts usually prepare for the guests in Indonesia?
131,Ki-pe-34,Food,Persian (Iran),Apa minuman yang biasa diminum saat sarapan di Indonesia?,What is the usual drink in the breakfast in Indonesia?
132,Ki-pe-36,Food,Persian (Iran),"Selain makanan asli dari Indonesia, makanan dari negara mana yang lebih populer di Indonesia?","Except the food original from Indonesia, which country's food is more popular in Indonesia?"
133,Ki-pe-39,Food,Persian (Iran),Makanan apa yang biasanya disiapkan untuk piknik keluarga di Indonesia?,What food is usually prepared for a family picnic in Indonesia?
134,Ki-pe-40,Food,Persian (Iran),Makanan apa dari Indonesia yang dianggap menjijikkan oleh negara-negara lain di dunia?,Which food from Indonesia is considered disgusting by the rest of the world?
135,Ki-pe-43,Food,Persian (Iran),Apa nama roti yang populer di Indonesia?,What is the name of the popular bread in Indonesia?
136,Ki-pe-51,Work life,Persian (Iran),"Pukul berapa kantor pemerintahan di Indonesia tutup? (Berikan dalam format HH:MM (contoh, 18:00, 09:00).)","What time of day are government offices closed in Indonesia? (Provide in HH:MM format (e.g., 18:00, 09:00).)"
137,Ki-pe-53,Work life,Persian (Iran),"Pukul berapa biasanya kantor pemerintahan di Indonesia buka? (Berikan dalam format HH:MM (contoh, 18:00, 09:00).)","What is the normal start time of government offices in Indonesia? (Provide in HH:MM format (e.g., 18:00, 09:00).)"
138,Kik-in-01,Holidays/Celebration/Leisure,Indonesian (Indonesia),Hari libur nasional apa yang memiliki durasi terpanjang di Indonesia?,What national holiday has the longest duration in Indonesia?
139,Kik-in-02,Holidays/Celebration/Leisure,Indonesian (Indonesia),Apa saja kegiatan umum yang dilakukan orang-orang di Indonesia untuk merayakan Hari Kemerdekaan?,What are the common activities people from Indonesia do to celebrate Independence day?
140,Kik-in-04,Holidays/Celebration/Leisure,Indonesian (Indonesia),Apa yang dipasang di depan rumah ketika ada anggota keluarga yang meninggal di Indonesia?,What is installed in front of the house when a family member dies in Indonesia?
141,Kik-in-05,Holidays/Celebration/Leisure,Indonesian (Indonesia),Kapan biasanya perayaan atau upacara kehamilan diadakan di Indonesia?,When is a pregnancy celebration or ceremony usually held in Indonesia?
142,Kik-in-06,Holidays/Celebration/Leisure,Indonesian (Indonesia),Acara apa yang biasanya diadakan sebelum pernikahan di Indonesia?,What event is usually held before a wedding in Indonesia?
143,Kik-in-07,Holidays/Celebration/Leisure,Indonesian (Indonesia),Apa yang biasanya dibagikan kepada anak-anak selama Tahun Baru Imlek di Indonesia?,What is usually shared to the children during (Lunar) New Year in Indonesia?
144,Kik-in-08,Holidays/Celebration/Leisure,Indonesian (Indonesia),Apa saja kegiatan yang biasanya dilakukan beberapa hari sebelum Ramadan di Indonesia?,What activities are usually done days before Ramadan in Indonesia?
145,Kik-in-10,Holidays/Celebration/Leisure,Indonesian (Indonesia),Apa objek wisata paling populer bagi wisatawan asing di Indonesia?,What is the most popular tourist attraction for foreign visitors in Indonesia?
146,Kik-in-11,Holidays/Celebration/Leisure,Indonesian (Indonesia),"Apa situs keagamaan (candi, gereja, dll.) yang paling populer untuk pariwisata di Indonesia?","What is the most popular religious sites (temple, church, etc.) for tourism in Indonesia?"
147,Kik-in-15,Holidays/Celebration/Leisure,Indonesian (Indonesia),Pakaian apa yang biasanya dikenakan oleh wanita pada upacara wisuda di Indonesia?,What clothes do women usually wear on graduation commencement ceremony in Indonesia?
148,Kik-in-16,Food,Indonesian (Indonesia),Minuman apa yang biasa dikonsumsi di Indonesia ketika cuaca dingin?,What drink is commonly consumed in Indonesia when the weather is cold?
149,Kik-in-17,Food,Indonesian (Indonesia),Buah apa yang lebih sering dijual dan ditemukan selama bulan Ramadan di Indonesia?,What fruit is more commonly sold and found during Ramadan in Indonesia?
150,Kik-in-24,Food,Indonesian (Indonesia),Karbohidrat apa yang biasanya disajikan dengan ayam di restoran cepat saji di Indonesia?,What carbohydrate is usually served with chicken in a fast-food restaurant in Indonesia?
151,Kik-in-31,Sport,Indonesian (Indonesia),Apa olahraga bela diri paling terkenal di Indonesia?,What is the most famous martial art sports in Indonesia?
152,Kik-in-34,Sport,Indonesian (Indonesia),Olahraga apa yang sering disiarkan di televisi nasional Indonesia?,What sports are often broadcasted on national television in Indonesia?
153,Kik-in-35,Sport,Indonesian (Indonesia),Olahraga apa yang populer di kalangan masyarakat Indonesia selama pandemi COVID-19?,What sports were popular among people from Indonesia during the COVID-19 pandemic?
154,Kik-in-36,Sport,Indonesian (Indonesia),Siapa pelatih sepak bola paling populer di Indonesia?,Who is the most popular soccer coach in Indonesia?
155,Kik-in-37,Sport,Indonesian (Indonesia),Tim sepak bola mana di Indonesia yang terkenal karena persaingan sengit mereka? (misalnya ___ vs ___),What soccer teams in Indonesia are famous for their intense rivalry? (e.g. ___ vs ___)
156,Kik-in-38,Sport,Indonesian (Indonesia),Apa nama-nama pendukung sepak bola di Indonesia yang terkenal karena persaingan sengit mereka? (misalnya ___ vs ___),What are the names of soccer supporters in Indonesia who are famous for their intense rivalry? (e.g. ___ vs ___)
157,Kik-in-40,Sport,Indonesian (Indonesia),Siapa pemain bulu tangkis pria paling terkenal di Indonesia?,Who is the most famous male badminton player in Indonesia?
158,Kik-in-41,Sport,Indonesian (Indonesia),Siapa pemain bulu tangkis wanita paling terkenal di Indonesia?,Who is the most famous female badminton player in Indonesia?
159,Kik-in-44,Sport,Indonesian (Indonesia),Olahraga apa yang paling banyak mendapatkan dukungan dari pemerintah di Indonesia?,What sport gets the most support from the government in Indonesia?
160,Kik-in-45,Sport,Indonesian (Indonesia),Fasilitas lapangan olahraga apa saja yang biasanya tersedia di sekolah-sekolah di Indonesia?,What sports field facilities are usually available at schools in Indonesia?
161,Na-ko-02,Food,Korean (South Korea),Minuman kafe apa yang paling sering dinikmati oleh orang-orang di Indonesia?,What cafe beverage do people from Indonesia most commonly enjoy?
162,Na-ko-04,Food,Korean (South Korea),Apa makanan penawar mabuk yang paling disukai oleh orang-orang Indonesia?,What is the preferred hangover cure food for people from Indonesia?
163,Na-ko-05,Food,Korean (South Korea),Apa makanan khas yang biasa diantar di Indonesia?,What is the typical delivery food in Indonesia?
164,Na-ko-07,Food,Korean (South Korea),Jenis daging apa yang paling banyak dikonsumsi oleh masyarakat Indonesia?,What type of meat is consumed most by people from Indonesia?
165,Na-ko-08,Food,Korean (South Korea),Buah apa yang sering dimakan oleh orang-orang Indonesia di musim gugur?,What fruit do people from Indonesia often eat in the autumn season?
166,Na-ko-09,Food,Korean (South Korea),Lauk apa yang paling sering disajikan di meja makan di Indonesia?,What side dish is the most commonly served on a dining table in Indonesia?
167,Na-ko-11,Food,Korean (South Korea),Apa yang biasanya dimakan orang Indonesia saat menonton pertandingan sepak bola?,What do people from Indonesia eat while watching a soccer game?
168,Na-ko-15,Food,Korean (South Korea),Apa makanan bergizi yang mewakili Indonesia?,What is the representative nourishing food in Indonesia?
169,Na-ko-16,Sport,Korean (South Korea),Siapa pemain sepak bola paling terkenal di Indonesia?,Who is the most famous soccer player in Indonesia?
170,Na-ko-17,Sport,Korean (South Korea),Olahraga apa yang disukai oleh siswa laki-laki saat waktu makan siang di sekolah di Indonesia?,What sports do male students enjoy during lunch time at school in Indonesia?
171,Na-ko-18,Sport,Korean (South Korea),Apa olahraga paling umum yang diikuti oleh para siswi selama pelajaran pendidikan jasmani di Indonesia?,What is the most common sport girls participate in during physical education classes in Indonesia?
172,Na-ko-19,Sport,Korean (South Korea),Siapa pemain bola voli paling populer di Indonesia?,Who is the most popular volleyball player in Indonesia?
173,Na-ko-20,Sport,Korean (South Korea),Acara olahraga apa yang paling banyak didukung oleh masyarakat Indonesia dalam kompetisi internasional?,What sports event do people from Indonesia passionately support the most in international competitions?
174,Na-ko-22,Sport,Korean (South Korea),Negara mana yang dianggap sebagai rival terbesar dalam pertandingan sepak bola untuk Indonesia?,Which country is considered the biggest rival in soccer matches for Indonesia?
175,Na-ko-23,Sport,Korean (South Korea),Jenis akademi olahraga apa yang paling banyak diikuti oleh anak-anak di Indonesia?,What type of sports academies do children attend the most in Indonesia?
176,Na-ko-24,Sport,Korean (South Korea),Apa makanan yang paling sering dimakan di stadion olahraga saat menonton pertandingan di Indonesia?,What is the most commonly eaten food in sports stadiums while watching games in Indonesia?
177,Na-ko-25,Sport,Korean (South Korea),Apa saja olahraga yang umum dimainkan pada hari olahraga di sekolah di Indonesia?,What are the typical sports played in Indonesia's school sports day?
178,Na-ko-26,Sport,Korean (South Korea),Apa olahraga populer di kalangan penduduk usia paruh baya di Indonesia?,What are the popular sports among the middle-aged population in Indonesia?
179,Na-ko-28,Sport,Korean (South Korea),Siapa atlet olahraga musim dingin yang paling populer di Indonesia?,Who is the most popular winter sports player in Indonesia?
180,Na-ko-29,Sport,Korean (South Korea),Siapa perenang paling terkenal di Indonesia?,Who is the most famous swimmer in Indonesia?
181,Na-ko-30,Sport,Korean (South Korea),Apa game e-sports paling populer di Indonesia?,What is the most popular e-sports game in Indonesia?
182,Na-ko-33,Holidays/Celebration/Leisure,Korean (South Korea),Makanan simbolis apa yang biasa dimakan oleh orang-orang Indonesia pada Tahun Baru Imlek?,What symbolic food do people from Indonesia eat on (Lunar) New Year?
183,Na-ko-37,Holidays/Celebration/Leisure,Korean (South Korea),Apa tempat liburan domestik yang paling populer bagi orang-orang dari Indonesia?,What is the most popular domestic vacation spot for people from Indonesia?
184,Na-ko-38,Holidays/Celebration/Leisure,Korean (South Korea),Apa hadiah pernikahan yang paling umum diberikan antara pengantin pria dan wanita di Indonesia?,What is the most common wedding gift between bride and groom in Indonesia?
185,Na-ko-39,Holidays/Celebration/Leisure,Korean (South Korea),Apa yang biasanya diberikan sebagai ucapan selamat ketika menghadiri pernikahan seorang teman di Indonesia?,What is typically given as a congratulatory gesture when attending a friend's wedding in Indonesia?
186,Na-ko-40,Holidays/Celebration/Leisure,Korean (South Korea),"Berapa lama (dalam hari) biasanya sebuah pemakaman berlangsung di Indonesia? (Berikan angka Arab (misalnya, 12) saja.)","How long (in days) does a funeral typically last in Indonesia? (Provide Arabic numerals (e.g., 12) only.)"
187,Na-ko-41,Holidays/Celebration/Leisure,Korean (South Korea),Apa yang harus Anda siapkan sebagai tanda belasungkawa ketika menghadiri pemakaman di Indonesia?,What should you prepare as a condolence offering when attending a funeral in Indonesia?
188,Na-ko-42,Holidays/Celebration/Leisure,Korean (South Korea),Jenis makanan apa yang biasanya disediakan di rumah duka di Indonesia?,What type of food is commonly provided at funeral parlors in Indonesia?
189,Na-ko-43,Holidays/Celebration/Leisure,Korean (South Korea),Apa yang dilakukan orang-orang di Indonesia di pagi hari Tahun Baru Imlek?,What do people do in Indonesia in the morning of the (Lunar) New Year?
190,Na-ko-44,Holidays/Celebration/Leisure,Korean (South Korea),Pada hari apa terjadi kemacetan lalu lintas terparah di seluruh Indonesia?,When is the day with Indonesia's most severe nationwide traffic congestion?
191,Na-ko-45,Holidays/Celebration/Leisure,Korean (South Korea),Apa destinasi bulan madu paling populer di Indonesia?,What is the most popular honeymoon destination in Indonesia?
192,Ne-ar-05,Holidays/Celebration/Leisure,Arabic (Algeria),Apa hari libur nasional yang paling penting di Indonesia?,What is the most important national holiday in Indonesia?
193,Ne-ar-06,Holidays/Celebration/Leisure,Arabic (Algeria),Apa yang biasanya orang Indonesia makan selama bulan Ramadan?,What do people from Indonesia eat in Ramadan?
194,Ne-ar-09,Holidays/Celebration/Leisure,Arabic (Algeria),Apa yang biasanya orang Indonesia makan saat Idul Fitri?,What do people from Indonesia eat in Eid ul Fitr?
195,Ne-ar-10,Holidays/Celebration/Leisure,Arabic (Algeria),Apa yang biasanya orang Indonesia makan di Hari Raya Idul Adha?,What do people from Indonesia eat in Eid ul Adha?
196,Ne-ar-11,Holidays/Celebration/Leisure,Arabic (Algeria),Kemana orang-orang dari Indonesia pergi untuk merayakan Tahun Baru?,Where do people from Indonesia go to celebrate New Year's Day?
197,Ne-ar-14,Holidays/Celebration/Leisure,Arabic (Algeria),Di mana sebuah keluarga berkumpul untuk perayaan Idul Fitri di Indonesia?,Where do a family gather for Eid festivities in Indonesia?
198,Ne-ar-16,Work life,Arabic (Algeria),"Kapan akhir pekan di Indonesia (misalnya Senin, Selasa)?","When is the weekend in Indonesia (e.g. Monday, Tuesday)?"
199,Ne-ar-17,Work life,Arabic (Algeria),"Pada pukul berapa kebanyakan orang mulai bekerja di Indonesia? (Berikan dalam format JJ:MM (contoh, 18:00, 09:00).)","At what time do most people start work in Indonesia? (Provide in HH:MM format (e.g., 18:00, 09:00).)"
200,Ne-ar-18,Work life,Arabic (Algeria),"Pada pukul berapa kebanyakan orang selesai bekerja di Indonesia? (Berikan dalam format JJ:MM (contoh, 18:00, 09:00).)","At what time do most people finish work in Indonesia? (Provide in HH:MM format (e.g., 18:00, 09:00).)"
201,Ne-ar-20,Work life,Arabic (Algeria),Apa yang dianggap sebagai pekerjaan yang aman di Indonesia?,What is considered to be a secure job in Indonesia?
202,Ne-ar-24,Work life,Arabic (Algeria),Kota mana yang merupakan pusat komersial utama di Indonesia?,Which city is the primary commercial hub in Indonesia?
203,Ne-ar-25,Work life,Arabic (Algeria),Apa industri yang memberikan gaji terbaik di Indonesia?,What is the industry that pays the best in Indonesia?
204,Ne-ar-26,Work life,Arabic (Algeria),Apa perusahaan publik yang paling terkenal di Indonesia?,What is the most famous public corporation in Indonesia?
205,Ne-ar-31,Food,Arabic (Algeria),Apa hidangan paling terkenal di Indonesia?,What is the most famous dish in Indonesia?
206,Ne-ar-32,Food,Arabic (Algeria),Apa yang biasanya orang makan untuk sarapan di Indonesia?,What do people usually have for breakfast in Indonesia?
207,Ne-ar-33,Food,Arabic (Algeria),"Kapan orang biasanya makan siang di Indonesia? (Berikan dalam format JJ:MM (contoh, 18:00, 09:00).)","When do people usually have lunch in Indonesia? (Provide in HH:MM format (e.g., 18:00, 09:00).)"
208,Ne-ar-34,Food,Arabic (Algeria),Apa yang biasanya tidak dapat dipisahkan dari makanan di Indonesia?,What is typically indispensable in meals in Indonesia?
209,Ne-ar-36,Food,Arabic (Algeria),Apa makanan perayaan yang khas di Indonesia?,What is a typical festive meal in Indonesia?
210,Ne-ar-37,Food,Arabic (Algeria),Buah apa yang biasanya ditawarkan kepada turis/pengunjung dari luar negeri di Indonesia?,Which fruit do people usually offer tourists/visitors from abroad in Indonesia?
211,Ne-ar-38,Food,Arabic (Algeria),Makanan apa yang biasanya orang tawarkan sebagai amal di Indonesia?,Which food do people usually offer as charity in Indonesia?
212,Ne-ar-39,Food,Arabic (Algeria),Apa makanan cepat saji termurah di Indonesia?,What is the cheapest fast food in Indonesia?
213,Ne-ar-43,Food,Arabic (Algeria),Apa yang biasanya orang minum dengan teh di Indonesia?,What do people usually have with tea in Indonesia?
214,Ne-ar-44,Food,Arabic (Algeria),Apa yang biasanya orang minum dengan kopi di Indonesia?,What do people have with coffee in Indonesia?
215,New-am-02,Food,Amharic (Ethiopia),Apa makanan tradisional yang paling populer di Indonesia?,What is the most popular traditional food in Indonesia?
216,New-am-04,Food,Amharic (Ethiopia),Apa saus cocolan yang paling populer di Indonesia?,What is the most popular dipping sauce in Indonesia?
217,New-am-08,Food,Amharic (Ethiopia),Apa makanan yang paling sering dikonsumsi saat puasa untuk umat Kristen di Indonesia?,What food is most often consumed during Christian fasting in Indonesia?
218,New-am-15,Food,Amharic (Ethiopia),Makanan apa yang biasanya disiapkan ketika seorang ibu melahirkan di Indonesia?,What food is usually prepared when mothers give birth in Indonesia?
219,New-am-27,Sport,Amharic (Ethiopia),Siapa olahragawan wanita paling populer di Indonesia?,Who is the most popular female sportperson in Indonesia?
220,New-am-34,Education,Amharic (Ethiopia),Di mana sebagian besar siswa sekolah dasar di Indonesia mempersiapkan ujian mereka?,Where do most elementary school students prepare for their exams in Indonesia?
221,New-am-41,Education,Amharic (Ethiopia),"Di Indonesia, di kelas berapa siswa mengikuti ujian nasional pertama kali?","In Indonesia, at which grade level do students take their first national-level examination?"
222,New-am-53,Work life,Amharic (Ethiopia),Wilayah mana di Indonesia yang dikenal dengan industri kopi/tehnya?,Which region in Indonesia is widely known for its coffee/tea industry?
223,New-am-54,Work life,Amharic (Ethiopia),Wilayah mana di Indonesia yang dikenal dengan industri peternakannya?,Which region in Indonesia is widely known for its livestock industry?
224,New-am-59,Work life,Amharic (Ethiopia),Apa pekerjaan utama masyarakat yang tinggal di gurun di Indonesia?,What is the main occupation of people living in deserts in Indonesia?
225,New-am-60,Work life,Amharic (Ethiopia),Hewan apa yang biasanya digunakan untuk transportasi di Indonesia?,Which animal is typically used for transportation in Indonesia?
226,New-am-72,Family,Amharic (Ethiopia),Apa komik untuk anak-anak yang paling populer di Indonesia?,What is the most popular comic book for children to read in Indonesia?
227,New-am-73,Family,Amharic (Ethiopia),Apa saluran YouTube paling populer untuk anak-anak di Indonesia?,What is the most popular YouTube channel for children in Indonesia?
228,New-am-74,Family,Amharic (Ethiopia),Apa acara talk show paling populer di Indonesia?,What is the most popular talk show in Indonesia?
229,New-am-77,Holidays/Celebration/Leisure,Amharic (Ethiopia),Apa hari raya keagamaan yang paling terkenal di Indonesia?,What is the most famous religious holiday in Indonesia?
230,New-am-81,Holidays/Celebration/Leisure,Amharic (Ethiopia),"Di bulan apa biasanya pernikahan paling banyak diadakan di Indonesia? (Berikan angka Arab (misalnya, 1) saja.)","What is the busiest month for weddings in Indonesia? (Provide Arabic numerals (e.g., 1) only.)"
231,New-am-83,Holidays/Celebration/Leisure,Amharic (Ethiopia),Apa alat musik tradisional yang paling populer di Indonesia?,What is the most popular traditional musical instrument in Indonesia?
232,New-as-01,Food,Assamese (Assam),Apa produk pertanian utama yang dihasilkan di Indonesia?,What is the main agricultural product produced in Indonesia?
233,New-as-02,Food,Assamese (Assam),Apa makanan berbahan dasar gandum yang paling populer di Indonesia?,What is the most popular wheat-based food item in Indonesia?
234,New-as-05,Food,Assamese (Assam),Apa minuman yang paling sering ditawarkan kepada tamu ketika mereka mengunjungi rumah di Indonesia?,What is the most typical drink offered to guests when they visit households in Indonesia?
235,New-as-07,Food,Assamese (Assam),Apa hidangan paling populer yang dimasak dengan bahan ikan di Indonesia?,What is the most popular dish cooked with fish in Indonesia?
236,New-as-14,Food,Assamese (Assam),Makanan apa yang disukai orang Indonesia untuk dimakan saat cuaca hujan?,What food do people from Indonesia like to eat during rainy weather?
237,New-as-15,Food,Assamese (Assam),Minuman apa yang umumnya dikonsumsi di Indonesia ketika cuaca panas?,What drink is commonly consumed in Indonesia when the weather is hot?
238,New-as-20,Sport,Assamese (Assam),Apa olahraga dalam ruangan yang paling populer di Indonesia?,What is the most popular indoor sport in Indonesia?
239,New-as-29,Sport,Assamese (Assam),Olahraga apa yang gemar ditonton oleh pria di Indonesia?,What sport do men in Indonesia like to watch?
240,New-as-30,Sport,Assamese (Assam),Olahraga apa yang gemar ditonton oleh wanita di Indonesia?,What sport do women in Indonesia like to watch?
241,New-as-58,Work life,Assamese (Assam),Apa minuman paling populer yang disukai oleh orang-orang Indonesia untuk diminum di tempat kerja mereka?,What is the most popular beverage that people from Indonesia like to drink in their workplace?
242,New-as-64,Family,Assamese (Assam),Pada hari libur apa semua anggota keluarga biasanya berkumpul di Indonesia?,On which holiday do all family members tend to reunite in Indonesia?
243,New-as-76,Holidays/Celebration/Leisure,Assamese (Assam),Permainan tradisional apa yang dimainkan selama hari libur tradisional oleh keluarga di Indonesia?,What traditional games do families play during traditional holidays in Indonesia?
244,New-as-80,Holidays/Celebration/Leisure,Assamese (Assam),Jenis pakaian apa yang dikenakan oleh orang-orang Indonesia saat festival tradisional?,What type of clothing do people from Indonesia wear during traditional festivals?
245,New-as-89,Holidays/Celebration/Leisure,Assamese (Assam),Apa aksesori festival tradisional yang biasa dikenakan oleh orang-orang di Indonesia?,What traditional festival accessories do people from Indonesia wear?
246,New-az-05,Food,Azerbaijani (Azerbaijan),Wilayah apa yang paling dikenal dengan produksi alkohol di Indonesia?,What is the most famous region for alcohol production in Indonesia?
247,New-az-11,Food,Azerbaijani (Azerbaijan),Buah apa yang sering dimakan oleh orang-orang Indonesia di musim panas?,What fruit do people from Indonesia often eat in the summer season?
248,New-az-12,Food,Azerbaijani (Azerbaijan),Wilayah mana di Indonesia yang terkenal dengan makanan lautnya?,Which region in Indonesia is known for its seafood?
249,New-az-21,Sport,Azerbaijani (Azerbaijan),Wilayah mana di Indonesia yang paling populer sebagai destinasi untuk ski?,Which region in Indonesia is the most popular skiing destination?
250,New-az-26,Sport,Azerbaijani (Azerbaijan),Siapa pemain bela diri paling populer di Indonesia?,Who is the most popular martial arts player in Indonesia?
251,New-az-27,Sport,Azerbaijani (Azerbaijan),Olahraga apa yang menjadi salah satu olahraga dengan pertumbuhan tercepat di Indonesia selama dekade terakhir?,Which sport has been one of the fastest-growing in Indonesia over the last decade?
252,New-az-39,Education,Azerbaijani (Azerbaijan),Negara mana yang merupakan tujuan paling populer bagi siswa dari Indonesia untuk belajar di luar negeri?,Which country is the most popular destination for students from Indonesia studying abroad?
253,New-az-49,Work life,Azerbaijani (Azerbaijan),"Di Indonesia, berapa banyak orang yang bekerja dalam sebuah keluarga pada umumnya? (Berikan angka Arab (contoh, 1) saja.)","How many people work in a typical family in Indonesia? (Provide Arabic numerals (e.g., 1) only.)"
254,New-az-60,Family,Azerbaijani (Azerbaijan),"Di Indonesia, siapa yang mengurus anak-anak ketika kedua orang tuanya sedang bekerja?","In Indonesia, who takes care of kids when both parents are working?"
255,New-az-69,Holidays/Celebration/Leisure,Azerbaijani (Azerbaijan),Apa minuman beralkohol yang paling disukai oleh pria dari Indonesia?,What is the preferred alcoholic beverage for men from Indonesia?
256,New-az-70,Holidays/Celebration/Leisure,Azerbaijani (Azerbaijan),Apa minuman beralkohol yang paling disukai oleh wanita dari Indonesia?,What is the preferred alcoholic beverage for women from Indonesia?
257,New-az-73,Holidays/Celebration/Leisure,Azerbaijani (Azerbaijan),"Berapa banyak rata-rata orang yang biasanya menghadiri sebuah pernikahan di Indonesia? (Berikan angka Arab saja (contoh, 1).)","How many people on average typically attend a wedding in Indonesia? (Provide Arabic numerals (e.g., 1) only.)"
258,New-ch-01,Food,Chinese (China),Jenis daging apa yang biasanya orang makan saat mereka melakukan barbekyu di Indonesia?,What kind of meat do people usually eat when they have barbecue in Indonesia?
259,New-ch-02,Food,Chinese (China),"Kapan orang biasanya sarapan di Indonesia? (Berikan dalam format JJ:MM (contoh, 18:00, 09:00).)","When do people usually have breakfast in Indonesia? (Provide in HH:MM format (e.g., 18:00, 09:00).)"
260,New-ch-04,Food,Chinese (China),Jenis makanan apa yang biasanya orang makan untuk camilan larut malam di Indonesia?,What kinds of food do people usually eat for late-night snacks in Indonesia?
261,New-ch-05,Food,Chinese (China),Apa masakan pedas yang paling terkenal di Indonesia?,What is the most famous spicy dish in Indonesia?
262,New-ch-07,Food,Chinese (China),Makanan apa yang biasanya dipadukan dengan minuman keras di Indonesia?,What food items do people typically pair with hard liquor in Indonesia?
263,New-ch-08,Food,Chinese (China),Bumbu apa yang sangat penting dan tidak dapat dihilangkan dalam memasak di Indonesia?,What seasoning is indispensable in cooking in Indonesia?
264,New-ch-09,Food,Chinese (China),Makanan apa yang biasanya dikonsumsi orang-orang ketika cuaca dingin di Indonesia?,What food do people typically consume when the weather is cold in Indonesia?
265,New-ch-13,Food,Chinese (China),Apa merek alkohol paling terkenal di Indonesia?,What is the most famous alcohol brand in Indonesia?
266,New-ch-14,Food,Chinese (China),Makanan apa yang biasanya orang makan ketika mereka sakit di Indonesia?,What foods do people usually eat when they are sick in Indonesia?
267,New-ch-15,Food,Chinese (China),Makanan apa yang biasanya dibeli orang-orang di supermarket di Indonesia yang sudah siap saji atau siap dimakan?,What prepared/ready-to-eat food do people typically buy at supermarkets in Indonesia?
268,New-ch-16,Sport,Chinese (China),Apa film bertema olahraga yang paling terkenal di Indonesia?,What is the most famous sports-related movie in Indonesia?
269,New-ch-17,Sport,Chinese (China),Olahraga ekstrem apa yang paling ingin dicoba oleh kebanyakan orang di Indonesia?,What extreme sport do people generally wish to try the most in Indonesia?
270,New-ch-18,Sport,Chinese (China),Cabang atletik mana yang paling populer untuk ditonton selama kompetisi di Indonesia?,Which track and field event is the most popular to watch during competitions in Indonesia?
271,New-ch-19,Sport,Chinese (China),Perlombaan senam apa yang paling populer untuk ditonton selama kompetisi di Indonesia?,Which gymnastics event is the most popular to watch during competitions in Indonesia?
272,New-ch-23,Sport,Chinese (China),Siapa pemain tenis meja paling terkenal di Indonesia?,Who is the most famous table tennis player in Indonesia?
273,New-ch-26,Sport,Chinese (China),"Dalam Olimpiade Musim Dingin, acara apa yang paling populer untuk ditonton di Indonesia?","In the Winter Olympics, which event is the most popular to watch in Indonesia?"
274,New-ch-27,Sport,Chinese (China),Siapa petinju paling terkenal di Indonesia?,Who is the most famous boxer in Indonesia?
275,New-ch-30,Sport,Chinese (China),Siapa atlet atletik yang paling terkenal di Indonesia?,Who is the most famous track and field athlete in Indonesia?
276,New-ch-31,Work life,Chinese (China),Pekerjaan apa yang paling diharapkan oleh orang tua agar dikejar oleh anak-anak mereka di Indonesia?,What job do parents most hope their children will pursue in Indonesia?
277,New-ch-32,Work life,Chinese (China),Perangkat lunak kantor apa yang biasanya digunakan orang-orang di tempat kerja di Indonesia?,What office software do people typically use in the workplace in Indonesia?
278,New-ch-38,Work life,Chinese (China),Kota atau wilayah mana saja yang dikenal dengan kegiatan impor dan ekspor di Indonesia?,Which cities or regions are known for their import and export activities in Indonesia?
279,New-ch-39,Work life,Chinese (China),Platform apa yang umum digunakan dalam industri e-commerce di Indonesia?,What platform is commonly used in the e-commerce industry in Indonesia?
280,New-ch-44,Work life,Chinese (China),"Berapa lama periode percobaan yang biasa diberikan kepada karyawan baru sebelum menandatangani kontrak formal di Indonesia? (misalnya, 1 bulan).","How long is the typical probation period for new employees before signing a formal contract in Indonesia? (e.g., 1 month)."
281,New-ch-45,Work life,Chinese (China),Di industri apa biasanya para pemuda memilih untuk memulai bisnis di Indonesia?,Which industries do young people typically choose to start businesses in Indonesia?
282,New-ch-49,Family,Chinese (China),Apa cara yang paling umum digunakan oleh anggota keluarga untuk berkomunikasi jarak jauh di Indonesia?,What is the most common way for family members to communicate remotely in Indonesia?
283,New-ch-51,Family,Chinese (China),Bentuk akomodasi apa yang biasanya dipesan untuk perjalanan keluarga di Indonesia?,What form of accommodation is typically booked for family trips in Indonesia?
284,New-ch-54,Family,Chinese (China),Buah apa yang biasanya paling sering disiapkan untuk makan malam keluarga di Indonesia?,Which fruit is usually prepared the most for family dinners in Indonesia?
285,New-ch-64,Education,Chinese (China),"Berapa jam kuliah per minggu yang biasanya diikuti oleh mahasiswa universitas di Indonesia? (Gunakan angka Arab (contoh, 1) saja.)","How many hours of classes do university students typically have per week in Indonesia? (Provide Arabic numerals (e.g., 1) only.)"
286,New-ch-66,Education,Chinese (China),"Berapa biaya sekolah rata-rata per semester untuk SMA negeri di Indonesia? (Gunakan angka Arab (contoh, 1) saja.)","What is the typical tuition fee per semester for public high schools in Indonesia?  (Provide Arabic numerals (e.g., 1) only.)"
287,New-ch-70,Education,Chinese (China),Apa mata kuliah wajib yang dimiliki bersama oleh mahasiswa universitas di Indonesia?,What compulsory courses do university students have in common in Indonesia?
288,New-ch-71,Education,Chinese (China),"Berapa jumlah rata-rata siswa dalam satu kelas di sekolah menengah atas di Indonesia? (Berikan angka numerik Arab (contoh, 1) saja.)","What is the average class size in high schools in Indonesia? (Provide Arabic numerals (e.g., 1) only.)"
289,New-ch-72,Education,Chinese (China),Jurusan apa yang dianggap paling mendukung kesempatan kerja di Indonesia?,Which major is considered most conducive to employment in Indonesia?
290,New-ch-73,Education,Chinese (China),Jenis klub apa yang paling populer di kalangan mahasiswa universitas di Indonesia?,What type of clubs are most popular among university students in Indonesia?
291,New-ch-74,Education,Chinese (China),Di mana mahasiswa universitas biasanya tinggal di Indonesia?,What types of accommodation do university students in Indonesia typically live in?
292,New-ch-75,Education,Chinese (China),"Berapa lama durasi setiap periode kelas untuk siswa SMP di Indonesia (menit)? (Berikan hanya angka Arab (contoh, 1).)","How long is each class period for middle school students in Indonesia (minutes)?  (Provide Arabic numerals (e.g., 1) only.)"
293,New-ch-78,Holidays/Celebration/Leisure,Chinese (China),Kegiatan santai apa yang biasanya disukai oleh wanita pensiunan di Indonesia?,What leisure activities do retired women typically like in Indonesia?
294,New-ch-79,Holidays/Celebration/Leisure,Chinese (China),Kegiatan santai apa yang biasanya disukai oleh pria pensiunan di Indonesia?,What leisure activities do retired men typically like in Indonesia?
295,New-ch-80,Holidays/Celebration/Leisure,Chinese (China),"Pada hari raya apa biasanya orang-orang mengunjungi tempat-tempat ibadah (candi, gereja, dll) di Indonesia?","During which holidays do people typically visit religious sites (temples, churches, etc.) in Indonesia?"
296,New-ch-81,Holidays/Celebration/Leisure,Chinese (China),Apa hadiah peresmian rumah yang biasa di Indonesia?,What are the typical housewarming gifts in Indonesia?
297,New-ch-82,Holidays/Celebration/Leisure,Chinese (China),"Pada pukul berapa biasanya pernikahan dimulai di Indonesia? (Berikan dalam format JJ:MM (contoh, 18:00, 09:00).)","At what time do weddings typically start in Indonesia? (Provide in HH:MM format (e.g., 18:00, 09:00).)"
298,New-ch-83,Holidays/Celebration/Leisure,Chinese (China),Kota mana di Indonesia yang paling sering mengadakan festival?,Which city in Indonesia hosts festivals the most?
299,New-ch-84,Holidays/Celebration/Leisure,Chinese (China),Warna pakaian apa yang biasanya dikenakan orang saat menghadiri pernikahan di Indonesia?,What color of clothing do people typically wear when attending weddings in Indonesia?
300,New-ch-85,Holidays/Celebration/Leisure,Chinese (China),Warna pakaian apa yang biasanya dikenakan orang saat menghadiri pemakaman di Indonesia?,What color of clothing do people typically wear when attending funerals in Indonesia?
301,New-en-01,Food,English (UK),Camilan apa yang dimakan di bioskop di Indonesia?,Which snack is eaten in the cinema in Indonesia?
302,New-en-02,Food,English (UK),Apa rasa keripik yang paling populer di Indonesia?,What is the most popular chip/crisp flavour in Indonesia?
303,New-en-04,Food,English (UK),Siapa koki selebriti yang populer di Indonesia?,Who is a popular celebrity chef in Indonesia?
304,New-en-05,Food,English (UK),Makanan apa yang merupakan pilihan makanan hemat dan cepat di Indonesia?,Which food is a cost-effective and quick meal option in Indonesia?
305,New-en-07,Food,English (UK),Apa saja acara masak yang paling populer di Indonesia?,What are the most popular cooking shows in Indonesia?
306,New-en-08,Food,English (UK),Apa merek cokelat paling populer di Indonesia?,What is the most popular chocolate brand in Indonesia?
307,New-en-10,Food,English (UK),Keju apa yang paling banyak dikonsumsi di Indonesia?,What is the most eaten cheese in Indonesia?
308,New-en-11,Food,English (UK),Apa sayuran yang paling tidak disukai di Indonesia?,What is the most disliked vegetable in Indonesia?
309,New-en-12,Food,English (UK),Makanan apa yang paling sering ditemukan di food court di Indonesia?,What food is most commonly found in food courts in Indonesia?
310,New-en-17,Sport,English (UK),Apa benda yang paling sering digunakan oleh para penggemar olahraga untuk mendukung tim olahraga di Indonesia?,What are the most common cheering tools used by sports fans in Indonesia?
311,New-en-18,Sport,English (UK),Apa yang dibawa oleh para penggemar saat menghadiri pertandingan langsung di Indonesia?,What do fans bring with them when attending a live game in Indonesia?
312,New-en-19,Sport,English (UK),Apa stadion olahraga yang paling terkenal di Indonesia?,What is the most well known sporting stadium in Indonesia?
313,New-en-23,Sport,English (UK),Siapa atlet Paralimpiade paling terkenal di Indonesia?,Who is the most famous Paralympian in Indonesia?
314,New-en-26,Sport,English (UK),Apa yel-yel olahraga yang paling dikenal di Indonesia?,What is the best recognized sporting chant in Indonesia?
315,New-en-38,Work life,English (UK),Industri apa yang dikenal memiliki jam kerja yang lebih fleksibel di Indonesia?,Which industries are known for more flexible working hours in Indonesia?
316,New-en-41,Work life,English (UK),Siapa pengusaha yang paling terkenal dan sukses di Indonesia?,Who is the most well known and successful entrepreneur in Indonesia?
317,New-en-47,Family,English (UK),Apa yang biasanya dapat ditemukan di taman belakang rumah di Indonesia?,What can typically be found in the back garden of houses in Indonesia?
318,New-en-49,Family,English (UK),Siapa keluarga paling terkenal di Indonesia?,What is the name of the most famous family in Indonesia?
319,New-en-50,Family,English (UK),Apa nama keluarga yang paling umum di Indonesia?,What is the most common family name in Indonesia?
320,New-en-55,Family,English (UK),Agama apa yang paling umum dipeluk keluarga-keluarga di Indonesia?,Which religion is most commonly practiced by families in Indonesia?
321,New-en-56,Family,English (UK),Apa bahasa asing yang paling banyak digunakan oleh keluarga di Indonesia?,What is the most popular foreign language spoken by families in Indonesia?
322,New-en-59,Family,English (UK),Negara mana yang merupakan tujuan emigrasi paling populer bagi keluarga-keluarga dari Indonesia?,Which country is the most popular destination for families from Indonesia to emigrate to?
323,New-en-68,Education,English (UK),Apa saja sanksi yang diberikan untuk perilaku buruk di sekolah-sekolah di Indonesia?,What repercussions are there for bad behavior in schools in Indonesia?
324,New-en-69,Education,English (UK),Penulis-penulis mana yang biasanya dipelajari di kelas sastra di Indonesia?,Which writers are commonly studied in literature class in Indonesia?
325,New-en-70,Education,English (UK),"Berapa kali libur sekolah dalam setahun untuk sekolah menengah atas di Indonesia? (Berikan angka numerik Arab (contoh, 1) saja.)","How many school breaks are there in a year for high schools in Indonesia? (Provide Arabic numerals (e.g., 1) only.)"
326,New-en-72,Education,English (UK),Sumber daya online apa yang biasanya digunakan oleh siswa untuk belajar di Indonesia?,Which online resource do students usually use to study in Indonesia?
327,New-en-75,Education,English (UK),"Berapa rata-rata jumlah minggu kegiatan belajar dalam satu semester di universitas-universitas di Indonesia? (Berikan angka Arab (contoh, 1) saja.)","What is the average length of a semester in terms of weeks of teaching at universities in Indonesia? (Provide Arabic numerals (e.g., 1) only.)"
328,New-en-76,Holidays/Celebration/Leisure,English (UK),Bandara mana di Indonesia yang paling sibuk selama musim liburan?,Which airport in Indonesia is the busiest during the holiday season?
329,New-en-79,Holidays/Celebration/Leisure,English (UK),Wilayah mana di Indonesia yang terkenal dengan pertunjukan teaternya?,Which region of Indonesia is well known for its theatrical performances?
330,New-en-87,Holidays/Celebration/Leisure,English (UK),Apa landmark bersejarah paling terkenal di Indonesia?,What is the most famous historic landmark in Indonesia?
331,New-en-90,Holidays/Celebration/Leisure,English (UK),Apa merek hotel paling terkenal di Indonesia?,What is the most famous hotel brand in Indonesia?
332,New-gr-05,Food,Greek (Greece),Apa pilihan sarapan paling populer yang penyajiannya cepat (grab-and-go) di Indonesia?,What is the most popular grab-and-go breakfast option in Indonesia?
333,New-gr-06,Food,Greek (Greece),Apa makanan paling populer di Indonesia di kalangan anak muda?,What is the most popular food in Indonesia among young people?
334,New-gr-08,Food,Greek (Greece),Jenis minuman beralkohol apa yang paling sering dikonsumsi di festival-festival di Indonesia?,What type of alcoholic drink is most commonly consumed at festivals in Indonesia?
335,New-gr-13,Food,Greek (Greece),Apa minuman yang paling umum dikonsumsi pagi hari di Indonesia?,What is the most common morning drink in Indonesia?
336,New-gr-15,Food,Greek (Greece),Apa makanan penutup (dessert) tradisional yang paling populer di Indonesia?,What is the most popular traditional dessert in Indonesia?
337,New-gr-21,Sport,Greek (Greece),Apa olahraga raket yang paling populer di Indonesia?,What is the most popular racket sport in Indonesia?
338,New-gr-24,Sport,Greek (Greece),Apa cabang olahraga atletik yang paling populer di Indonesia?,What is the most popular track and field sport in Indonesia?
339,New-gr-29,Sport,Greek (Greece),Apa ajang olahraga internasional yang paling populer di Indonesia?,Which international sporting event is the most popular in Indonesia?
340,New-gr-47,Work life,Greek (Greece),"Berapa lama (dalam menit) istirahat kerja umumnya di Indonesia, tidak termasuk istirahat makan siang dan makan malam? (Berikan angka Arab (misalnya, 1) saja.)","How long (in minutes) are typical work breaks in Indonesia, excluding lunch and dinner breaks? (Provide Arabic numerals (e.g., 1) only.)"
341,New-gr-58,Work life,Greek (Greece),"Di Indonesia, pekerjaan apa yang bayarannya dianggap lebih rendah dari seharusnya?",Which job is considered underpaid in Indonesia?
342,New-gr-76,Holidays/Celebration/Leisure,Greek (Greece),Apa makanan yang paling sering disajikan saat Paskah di Indonesia?,What is the most common food served during Easter in Indonesia?
343,New-gr-82,Holidays/Celebration/Leisure,Greek (Greece),Apa genre musik paling populer di kalangan orang tua atau lansia di Indonesia?,What is the most popular music genre among the elderly population in Indonesia?
344,New-gr-88,Holidays/Celebration/Leisure,Greek (Greece),Minuman apa yang biasanya disuguhkan di acara pemakaman di Indonesia?,What drink is usually offered at funerals in Indonesia?
345,New-gr-89,Holidays/Celebration/Leisure,Greek (Greece),Minuman apa yang biasanya disuguhkan di acara pernikahan di Indonesia?,What drink is usually offered at weddings in Indonesia?
346,New-ha-07,Food,Hausa (Northern Nigeria),Makanan apa yang berasal dari Indonesia dan dapat ditemukan di seluruh dunia?,What food originated from Indonesia and can be found all over the world?
347,New-ha-08,Food,Hausa (Northern Nigeria),Makanan apa yang biasanya tidak disukai oleh anak-anak tetapi disukai oleh orang tua atau lansia di Indonesia?,What food is typically disliked by children but enjoyed by the elderly in Indonesia?
348,New-ha-09,Food,Hausa (Northern Nigeria),Alat masak apa yang paling sering digunakan di Indonesia?,What cooking utensil is most commonly used in Indonesia?
349,New-ha-13,Food,Hausa (Northern Nigeria),Sayuran apa yang paling populer di Indonesia?,Which is the most popular vegetable in Indonesia?
350,New-ha-19,Sport,Hausa (Northern Nigeria),Hewan apa yang digunakan untuk olahraga di Indonesia?,Which animal is used for sports in Indonesia?
351,New-ha-66,Family,Hausa (Northern Nigeria),Apa tempat pernikahan yang paling populer di Indonesia?,What is the most popular wedding venue in Indonesia?
352,New-in-01,Food,Indonesian (Indonesia),Merek kedai kopi apa yang paling populer di Indonesia?,Which coffee shop brand is the most popular in Indonesia?
353,New-in-03,Food,Indonesian (Indonesia),Jenis makanan apa dari Indonesia yang biasanya disajikan di restoran-restoran di luar negeri?,What type of food from Indonesia is typically served in restaurants overseas?
354,New-in-33,Work life,Indonesian (Indonesia),Wilayah mana di Indonesia yang biasanya dikaitkan dengan pertambangan?,What region in Indonesia is usually associated with mining?
355,New-in-34,Work life,Indonesian (Indonesia),Wilayah mana di Indonesia yang biasanya dikaitkan dengan minyak?,What region in Indonesia is usually associated with oil?
356,New-in-62,Education,Indonesian (Indonesia),Universitas apa di Indonesia yang populer karena jurusan tekniknya? (Berikan nama resminya.),What university in Indonesia is popular because of its engineering major? (Provide the official name.)
357,New-in-63,Education,Indonesian (Indonesia),Universitas apa di Indonesia yang populer karena fakultas kedokterannya? (Berikan nama resminya.),What university in Indonesia is popular because of its school of medicine? (Provide the official name.)
358,New-in-78,Holidays/Celebration/Leisure,Indonesian (Indonesia),Apa metode pembayaran yang paling populer di Indonesia?,What is the most popular payment method in Indonesia?
359,New-in-80,Holidays/Celebration/Leisure,Indonesian (Indonesia),Apa taman hiburan paling terkenal di Indonesia?,What is the most famous theme park in Indonesia?
360,New-ko-01,Family,Korean (Korea),Apa animasi anak-anak yang paling populer dan sering ditonton oleh anak-anak di Indonesia?,What is the most popular children's animation that is commonly watched by kids in Indonesia?
361,New-ko-02,Family,Korean (Korea),Apa aktivitas pendidikan pranatal yang paling populer bagi wanita hamil di Indonesia?,What is the most popular prenatal education activity for pregnant women in Indonesia?
362,New-ko-03,Family,Korean (Korea),Apa lagu anak-anak yang paling populer di Indonesia yang sering dinyanyikan bersama keluarga?,What is the most popular children's song in Indonesia that families sing together?
363,New-ko-04,Family,Korean (Korea),Mainan apa yang paling populer di kalangan anak laki-laki di Indonesia?,Which toys are most popular among boys in Indonesia?
364,New-ko-05,Family,Korean (Korea),Mainan apa yang paling populer di kalangan gadis di Indonesia?,Which toys are most popular among girls in Indonesia?
365,New-ko-06,Family,Korean (Korea),Apa cerita rakyat yang paling populer di Indonesia yang biasanya diceritakan kepada anak-anak?,What is the most popular folk tale in Indonesia that is typically told to children?
366,New-ko-07,Holidays/Celebration/Leisure,Korean (Korea),Apa simbol belasungkawa yang biasa digunakan pada pemakaman di Indonesia?,What is the customary symbol of condolence used at funerals in Indonesia?
367,New-ko-08,Work life,Korean (Korea),Di mana mahasiswa di Indonesia cenderung bekerja paruh waktu paling banyak?,Where do university students in Indonesia tend to work part-time the most?
368,New-ko-09,Work life,Korean (Korea),Apa saja aktivitas team-building yang paling sering dilakukan di perusahaan-perusahaan yang berbasis di Indonesia?,What are the most frequently practiced team-building activities in companies based in Indonesia?
369,New-ko-10,Work life,Korean (Korea),Apa saja pekerjaan sampingan yang paling umum dilakukan orang-orang di Indonesia?,What are the most common activities people do as a side job in Indonesia?
370,New-pe-02,Food,Persian (Iran),Apa oleh-oleh makanan untuk turis yang paling terkenal dari Indonesia?,What is the most famous edible souvenir for tourists in Indonesia?
371,New-pe-06,Food,Persian (Iran),Apa makanan berkuah yang paling populer di Indonesia?,What is the most popular stew in Indonesia?
372,New-pe-11,Food,Persian (Iran),Apa bumbu atau rempah yang paling sering digunakan dalam masakan Indonesia?,What is the most common spice/herb used in dishes from Indonesia?
373,New-pe-16,Sport,Persian (Iran),Apa olahraga tradisional paling terkenal di Indonesia?,What is the most famous traditional sport in Indonesia?
374,New-pe-20,Sport,Persian (Iran),Olahraga apa yang populer untuk dimainkan di pantai di Indonesia?,What sport is popular to play on the beach in Indonesia?
375,New-pe-45,Work life,Persian (Iran),Bagaimana biasanya jadwal kerja selama bulan Ramadan di Indonesia?,What is the usual work schedule during the month of Ramadan in Indonesia?
376,New-pe-47,Family,Persian (Iran),"Kapan Hari Siswa dirayakan di Indonesia? (Berikan dalam format MM/DD (contoh, 12/31).)","When is Student's Day celebrated in Indonesia? (Provide in MM/DD format (e.g., 12/31).)"
377,New-pe-49,Family,Persian (Iran),Di mana keluarga-keluarga berkumpul untuk berdoa bersama di Indonesia?,Where do families gather to pray together in Indonesia?
378,New-pe-53,Family,Persian (Iran),Apa hadiah yang biasanya diterima oleh para ayah di Hari Ayah (atau Hari Orang Tua) di Indonesia?,What gifts do fathers get on Father's Day (or Parents' Day) in Indonesia?
379,New-pe-54,Family,Persian (Iran),Apa hadiah yang biasanya diterima oleh ibu pada Hari Ibu (atau Hari Orang Tua) di Indonesia?,What gifts do mothers get on Mother's Day (or Parents' Day) in Indonesia?
380,New-pe-59,Family,Persian (Iran),"Berapa banyak generasi yang biasanya tinggal bersama dalam satu rumah tangga di Indonesia? (Hanya berikan angka Arab (misalnya, 12).)","How many generations typically live together in a household in Indonesia? (Provide Arabic numerals (e.g., 12) only.)"
381,New-pe-65,Education,Persian (Iran),"Berapa banyak mata pelajaran yang diajarkan di SMP di Indonesia? (Berikan angka Arab (misalnya, 12) saja.)","How many subjects are taught in middle schools in Indonesia? (Provide Arabic numerals (e.g., 12) only.)"
382,New-pe-66,Education,Persian (Iran),Apa kegiatan ekstrakurikuler paling populer di sekolah dasar (SD) di Indonesia setelah jam sekolah?,What is the most popular after school curriculars in elementary schools in Indonesia?
383,New-pe-74,Education,Persian (Iran),Berapa biaya rata-rata uang kuliah tahunan untuk universitas negeri di Indonesia?,How much is the average annual tuition fee for public universities in Indonesia?
384,New-pe-76,Holidays/Celebration/Leisure,Persian (Iran),Apa kegiatan populer yang dilakukan di taman-taman di Indonesia?,What is a popular activity to do in parks in Indonesia?
385,New-pe-78,Holidays/Celebration/Leisure,Persian (Iran),Apa nama festival film paling terkenal yang diadakan di Indonesia?,What is the name of the most famous film festival held in Indonesia?
386,New-pe-83,Holidays/Celebration/Leisure,Persian (Iran),Apa permainan kartu populer yang dimainkan saat pertemuan sosial di Indonesia?,What is the popular card game played during social gatherings in Indonesia?
387,New-pe-85,Holidays/Celebration/Leisure,Persian (Iran),Di mana destinasi wisata luar negeri yang paling populer bagi orang-orang dari Indonesia?,Where is the most popular tourist destination abroad for people from Indonesia?
388,New-pe-86,Holidays/Celebration/Leisure,Persian (Iran),Apa nama menara paling terkenal di Indonesia?,What is the name of the most famous tower in Indonesia?
389,New-spme-01,Food,Spanish (Mexico),Serangga apa yang paling sering dimakan di Indonesia?,What edible insect is eaten most often in Indonesia?
390,New-spme-04,Food,Spanish (Mexico),Produk pertanian apa yang paling sering diekspor dari Indonesia?,Which agricultural product is exported most often in Indonesia?
391,New-spme-05,Food,Spanish (Mexico),Apa saja makanan manis yang paling populer di Indonesia?,What are the most popular sweets in Indonesia?
392,New-spme-15,Sport,Spanish (Mexico),Apa minuman olahraga yang paling populer di Indonesia?,What is the most popular sports drink in Indonesia?
393,New-spme-27,Education,Spanish (Mexico),Apa tingkat pendidikan rata-rata penduduk di Indonesia?,What is the average education level for people in Indonesia?
394,New-spme-37,Education,Spanish (Mexico),Pendidikan profesi apa yang paling sering ditempuh di luar negeri oleh siswa dari Indonesia?,Which profession is most commonly studied abroad by students from Indonesia?
395,New-spme-60,Family,Spanish (Mexico),"Pada hari apa kebanyakan keluarga di Indonesia melakukan aktivitas keagamaan? (misalnya Senin, Selasa)","Which day of the week do most families in Indonesia practice religious activities? (e.g. Monday, Tuesday)"
396,New-spme-65,Family,Spanish (Mexico),Apa cara paling populer untuk merayakan Hari Kemerdekaan di Indonesia?,What is the most popular way to celebrate Independence Day in Indonesia?
397,New-spme-68,Family,Spanish (Mexico),Apa minuman paling populer di kalangan anak-anak di Indonesia?,What is the most popular beverage among children in Indonesia?
398,New-spme-76,Holidays/Celebration/Leisure,Spanish (Mexico),Di mana tempat paling populer untuk merayakan Hari Kemerdekaan di Indonesia?,What is the most popular place in Indonesia to celebrate Independence Day?
399,New-spme-78,Holidays/Celebration/Leisure,Spanish (Mexico),Apa nama lagu yang biasanya dinyanyikan pada pesta ulang tahun di Indonesia?,What is the name of the song that is typically sung at birthday parties in Indonesia?
400,New-su-01,Food,Sundanese (West Java),Jajanan apa yang biasanya dijual di depan sekolah-sekolah di Indonesia?,What snacks are usually sold in front of schools in Indonesia?
401,New-su-09,Food,Sundanese (West Java),Minyak apa yang biasanya digunakan untuk memasak di Indonesia?,What oil is usually used for cooking in Indonesia?
402,New-su-10,Food,Sundanese (West Java),Apa makanan yang biasa dikonsumsi oleh wanita hamil di Indonesia?,What food is commonly consumed by pregnant women in Indonesia?
403,New-su-15,Food,Sundanese (West Java),Apa minuman tradisional non-alkohol yang paling populer di Indonesia?,What is the most popular traditional non-alcoholic drink in Indonesia?
404,New-su-17,Sport,Sundanese (West Java),Apa fasilitas olahraga yang biasanya tersedia di taman-taman di Indonesia?,What sports facilities are generally available in parks in Indonesia?
405,New-su-21,Sport,Sundanese (West Java),Apa kegiatan yang umumnya dilakukan oleh para lansia di taman-taman di Indonesia?,What are the common activities that seniors usually do in parks in Indonesia?
406,New-su-24,Sport,Sundanese (West Java),Olahraga apa yang biasanya dimainkan bersama oleh orang tua dan anak-anak di Indonesia?,What sports do parents and children commonly play together in Indonesia?
407,New-su-28,Sport,Sundanese (West Java),Warna apa yang diasosiasikan dengan tim nasional sepak bola Indonesia?,What color is associated with the national soccer team of Indonesia?
408,New-su-33,Education,Sundanese (West Java),Apa jenis pakaian yang umum digunakan oleh guru sekolah di Indonesia?,What is the common dress code for school teachers in Indonesia?
409,New-su-34,Education,Sundanese (West Java),Apa kegiatan ekstrakurikuler terkait musik yang paling populer di sekolah-sekolah di Indonesia?,What is the most popular extracurricular activity related to music in schools in Indonesia?
410,New-su-42,Education,Sundanese (West Java),Agama apa yang umum diajarkan di sekolah-sekolah di Indonesia?,What religion is mainly taught in schools in Indonesia?
411,New-su-45,Education,Sundanese (West Java),"Tanggal berapa Hari Pendidikan dirayakan di Indonesia? (Berikan dalam format MM/DD (contoh, 12/31).)","What date is Education Day celebrated in Indonesia? (Provide in MM/DD format (e.g., 12/31).)"
412,New-su-50,Work life,Sundanese (West Java),Apa pekerjaan utama masyarakat di daerah pegunungan di Indonesia?,What is the main occupation of people in mountainous areas in Indonesia?
413,New-su-51,Work life,Sundanese (West Java),Apa pekerjaan utama masyarakat di daerah pesisir di Indonesia?,What is the main occupation of people in coastal areas in Indonesia?
414,New-su-57,Work life,Sundanese (West Java),Hewan ternak apa yang paling umum dipelihara di Indonesia?,What is the most common livestock raised in Indonesia?
415,New-su-58,Work life,Sundanese (West Java),Hewan apa yang biasa digunakan untuk pertanian di Indonesia?,What animals are commonly used for agriculture in Indonesia?
416,New-su-59,Work life,Sundanese (West Java),Apa yang biasanya dikenakan oleh petani di Indonesia untuk melindungi diri dari panas saat bertani?,What do farmers in Indonesia typically wear to protect themselves from the heat whilst farming?
417,New-su-60,Work life,Sundanese (West Java),Apa yang biasanya dimakan oleh petani di Indonesia untuk makan siang?,What do farmers in Indonesia usually eat for lunch?
418,New-su-71,Family,Sundanese (West Java),Apa hadiah yang biasanya diberikan orang tua kepada anak-anak mereka yang berulang tahun di Indonesia?,What gifts do parents generally give to their children for their birthdays in Indonesia?
419,New-su-75,Family,Sundanese (West Java),Apa jenis kendaraan yang umumnya dimiliki oleh kebanyakan keluarga di Indonesia?,What type of vehicle do most families in Indonesia generally own?
420,New-su-77,Holidays/Celebration/Leisure,Sundanese (West Java),Apa yang biasanya diberikan kepada anak-anak saat Idul Fitri di Indonesia?,What is usually given to the children during Eid in Indonesia?
421,New-su-81,Holidays/Celebration/Leisure,Sundanese (West Java),Pakaian apa yang biasanya dikenakan oleh pengantin pria di pernikahan di Indonesia?,What clothes do grooms usually wear at weddings in Indonesia?
422,New-su-82,Holidays/Celebration/Leisure,Sundanese (West Java),Pakaian apa yang biasanya dikenakan oleh pengantin wanita di pernikahan di Indonesia?,What clothes do brides usually wear at weddings in Indonesia?
423,New-su-83,Holidays/Celebration/Leisure,Sundanese (West Java),Makanan apa yang biasanya disajikan pada acara pernikahan di Indonesia?,What food is usually served at weddings in Indonesia?
424,New-su-86,Holidays/Celebration/Leisure,Sundanese (West Java),Apa gedung pemerintahan yang paling terkenal di Indonesia?,What is the most famous government building in Indonesia?
425,New-su-88,Holidays/Celebration/Leisure,Sundanese (West Java),Apa genre musik paling populer di kalangan anak muda di Indonesia?,What is the most popular music genre among the younger population in Indonesia?
426,Ni-en-02,Education,English (UK),"Pukul berapa biasanya siswa SMP di Indonesia selesai sekolah setiap harinya? (Berikan dalam format JJ:MM (contoh, 18:00, 09:00).)","What time do middle school students in Indonesia typically finish school each day? (Provide in HH:MM format (e.g., 18:00, 09:00).)"
427,Ni-en-03,Education,English (UK),"Pada usia berapa biasanya orang di Indonesia pergi ke universitas? (Hanya berikan angka Arab (contoh, 12).)","At what age do people in Indonesia typically go to university? (Provide Arabic numerals (e.g., 12) only.)"
428,Ni-en-06,Education,English (UK),"Pada usia berapa seseorang harus mengikuti pendidikan wajib di Indonesia? (Berikan angka Arab (misalnya, 12) saja.)","From what age do people need to attend compulsory education in Indonesia? (Provide Arabic numerals (e.g., 12) only.)"
429,Ni-en-09,Education,English (UK),Berapa hari dalam seminggu anak-anak bersekolah di Indonesia? (Berikan hanya angka Arab (0~7).),How many days a week do children attend school in Indonesia? (Provide Arabic numerals (0~7) only.)
430,Ni-en-11,Education,English (UK),"Di Indonesia, berapa lama (dalam tahun) biasanya waktu yang dibutuhkan untuk menyelesaikan gelar Magister? (Hanya berikan angka Arab (misalnya, 2).)","In Indonesia, how long (in years) does a Master's degree typically take to complete? (Provide Arabic numerals (e.g., 12) only.)"
431,Ni-en-12,Education,English (UK),Apa universitas terbaik di Indonesia? (Berikan nama resminya.),What is the top university in Indonesia? (Provide the official name.)
432,Ni-en-13,Education,English (UK),"Pada usia berapa kebanyakan orang di Indonesia lulus dari universitas? (Hanya berikan angka Arab (contoh, 12).)","At what age do most people in Indonesia graduate from university? (Provide Arabic numerals (e.g., 12) only.)"
433,Ni-en-15,Education,English (UK),"Pada usia berapa anak-anak di Indonesia umumnya mulai bersekolah SMP? (Berikan angka Arab (misalnya, 12) saja.)","At what age do children in Indonesia generally start middle school? (Provide Arabic numerals (e.g., 12) only.)"
434,Ni-en-17,Work life,English (UK),"Berapa jam dalam seminggu seorang pekerja penuh waktu di Indonesia biasanya bekerja? (Berikan hanya angka Arab (misalnya, 12).)","How many hours a week does a full-time worker in Indonesia typically work? (Provide Arabic numerals (e.g., 12) only.)"
435,Ni-en-19,Work life,English (UK),Berapa hari dalam seminggu seorang pekerja penuh waktu bekerja di Indonesia? (Berikan hanya angka Arab (0~7) saja.),How many days a week does a full-time worker work in Indonesia? (Provide Arabic numerals (0~7) only.)
436,Ni-en-20,Work life,English (UK),"Pada usia berapa kebanyakan orang mulai bekerja di Indonesia? (Berikan angka Arab (misalnya, 12) saja.)","At what age do most people start working in Indonesia? (Provide Arabic numerals (e.g., 12) only.)"
437,Ni-en-21,Work life,English (UK),"Mulai umur berapa seseorang diizinkan untuk bekerja di Indonesia? (Hanya berikan angka Arab (contoh, 12) saja.)","From what age is an individual allowed to work in Indonesia? (Provide Arabic numerals (e.g., 12) only.)"
438,Ni-en-31,Holidays/Celebration/Leisure,English (UK),Apa yang biasanya orang-orang di Indonesia makan pada Hari Natal?,What do people in Indonesia traditionally eat on Christmas Day?
439,Ni-en-37,Holidays/Celebration/Leisure,English (UK),Apa nama hari dalam setahun di mana orang-orang di Indonesia merayakan cinta dan romansa?,What is the name of the day of the year where people in Indonesia celebrate love and romance?
440,Ni-en-40,Holidays/Celebration/Leisure,English (UK),Apa lagu Natal yang paling populer di Indonesia?,What is the most popular Christmas song in Indonesia?
441,Nu-in-04,Education,Indonesian (Indonesia),"Ada berapa semester dalam satu tahun ajaran di sekolah menengah atas di Indonesia? (Berikan dalam angka Arab (contoh, 7, 8) saja.)","How many semesters are there each academic year at high schools in Indonesia? (Provide in Arabic numerals (e.g., 7, 8) only.)"
442,Nu-in-05,Education,Indonesian (Indonesia),Pada bulan apa tahun ajaran baru biasanya dimulai di Indonesia? (Berikan hanya angka Arab (1~12).),In which month does the new school year typically begin in Indonesia? (Provide Arabic numerals (1~12) only.)
443,Nu-in-06,Education,Indonesian (Indonesia),"Kapan Hari Guru Nasional diperingati di Indonesia? (Berikan dalam format BB/TT (contoh, 12/31).)","When is National Teacher's Day commemorated in Indonesia? (Provide in MM/DD format (e.g., 12/31).)"
444,Nu-in-11,Education,Indonesian (Indonesia),"Pukul berapa sekolah dasar dimulai di Indonesia? (Berikan dalam format JJ:MM (contoh, 18:00, 09:00).)","At what time does elementary school start in Indonesia? (Provide in HH:MM format (e.g., 18:00, 09:00).)"
445,Nu-in-20,Family,Indonesian (Indonesia),"Kapan Hari Anak dirayakan di Indonesia? (Berikan dalam format MM/DD (contoh, 12/31).)","When is Children's Day celebrated in Indonesia? (Provide in MM/DD format (e.g., 12/31).)"
446,Nu-in-40,Work life,Indonesian (Indonesia),Kota mana yang merupakan tujuan utama para pencari kerja di Indonesia?,Which city is the main destination for job seekers in Indonesia?
447,Sa-en-1,Food,English (UK),Apa rantai makanan cepat saji yang paling populer di Indonesia?,What is Indonesia's most popular fast food chain?
448,Sa-en-13,Food,English (UK),Apa makanan yang paling memecah belah (entah itu disukai atau dibenci) di Indonesia?,What is the food that is most divisive (either love or hate) in Indonesia?
449,Sa-en-16,Sport,English (UK),Apa tim sepak bola paling populer di kalangan masyarakat Indonesia?,What is the most popular soccer team among the people from Indonesia?
450,Sa-en-22,Sport,English (UK),Apa universitas paling terkenal di Indonesia yang dikenal dengan tim olahraganya?,What is the most famous university in Indonesia known for its sports team?
451,Sa-en-31,Family,English (UK),Apa hewan peliharaan keluarga yang paling populer di Indonesia?,What is Indonesia's most popular family pet?
452,Sa-en-32,Family,English (UK),Apa acara TV keluarga yang paling populer di Indonesia?,What is the most popular family TV show in Indonesia?
453,Sa-en-37,Family,English (UK),Apa permainan papan keluarga yang paling populer di Indonesia?,What is the most popular family boardgame in Indonesia?
454,Sa-en-6,Food,English (UK),Apa makanan bawa pulang yang paling populer di Indonesia?,What is the most popular takeaway food in Indonesia?
455,Sa-en-7,Food,English (UK),Apa saja camilan populer di Indonesia?,What are popular snacks in Indonesia?
456,Sa-en-9,Food,English (UK),Apa yang biasanya orang Indonesia makan di pantai?,What do people from Indonesia eat at the beach?
457,Ta-pe-10,Family,Persian (Iran),"Pada usia berapa biasanya pria menikah di Indonesia? (Berikan angka Arab (misalnya, 20) saja.)","At what age do men usually get married in Indonesia? (Provide Arabic numerals (e.g., 20) only.)"
458,Ta-pe-11,Family,Persian (Iran),"Pada usia berapa biasanya wanita menikah di Indonesia? (Berikan angka Arab (misalnya, 20) saja.)","At what age do women usually get married in Indonesia? (Provide Arabic numerals (e.g., 20) only.)"
459,Ta-pe-13,Family,Persian (Iran),"Pada generasi orang tua Anda, berapa rata-rata jumlah anggota keluarga mereka di Indonesia? (Hanya berikan angka Arab (misalnya, 20).)","In your parents' generation, what was the average number of members in their family in Indonesia? (Provide Arabic numerals (e.g., 20) only.)"
460,Ta-pe-17,Sport,Persian (Iran),"Dalam Olimpiade, olahraga mana yang paling populer di Indonesia?","In the Olympic Games, which sport is the most popular in Indonesia?"
461,Ta-pe-21,Sport,Persian (Iran),Di mana biasanya anak-anak bermain sepak bola di Indonesia?,Where do children usually play soccer in Indonesia?
462,Ta-pe-22,Sport,Persian (Iran),Olahraga harian apa yang populer di kalangan wanita di Indonesia?,Which daily exercise is popular among women in Indonesia?
463,Ta-pe-23,Sport,Persian (Iran),Olahraga harian apa yang populer di kalangan pria di Indonesia?,Which daily exercise is popular among men in Indonesia?
464,Ta-pe-25,Sport,Persian (Iran),"Apa persaingan paling terkenal di liga olahraga nasional di Indonesia? (misalnya, ___ vs ___)","What is the most famous rivalry in a national sports league in Indonesia? (e.g., ___ vs ___)"
465,Ta-pe-29,Sport,Persian (Iran),Olahraga profesional apa yang memiliki bayaran tertinggi di Indonesia?,Which professional sport is the highest paying in Indonesia?
466,Ta-pe-30,Sport,Persian (Iran),Apa acara TV tentang olahraga yang paling populer di Indonesia?,What is/was the most popular sports-related TV program in Indonesia?
467,Ta-pe-32,Holidays/Celebration/Leisure,Persian (Iran),Hari apa dalam setahun yang biasanya didedikasikan untuk kembang api di Indonesia?,What day of the year is usually dedicated to fireworks in Indonesia?
468,Ta-pe-37,Holidays/Celebration/Leisure,Persian (Iran),Apa simbol umum dari Malam Tahun Baru yang biasanya ditemukan di Indonesia?,What is the common symbol of New Year's Eve that is usually found in Indonesia?
469,Ta-pe-42,Holidays/Celebration/Leisure,Persian (Iran),Makanan apa yang biasanya dimakan oleh orang-orang Indonesia di Malam Tahun Baru?,What food do people from Indonesia usually eat on New Year's Eve?
470,Ta-pe-45,Holidays/Celebration/Leisure,Persian (Iran),Apa yang biasanya dimakan selama perayaan malam terpanjang dalam setahun di Indonesia?,What is usually eaten during the celebration of the longest night of the year in Indonesia?
471,Th-en-01,Sport,English (US),Apa olahraga musim panas yang paling populer di Indonesia?,What is the most popular summer sport in Indonesia?
472,Th-en-03,Sport,English (US),Apa liga olahraga profesional paling populer di Indonesia?,What is the most popular professional sports league in Indonesia?
473,Th-en-05,Sport,English (US),Apa tim olahraga wanita paling populer di Indonesia?,What is the most popular women's sports team in Indonesia?
474,Th-en-09,Sport,English (US),Apa turnamen paling populer di Indonesia?,What is the most popular tournament in Indonesia?
475,Th-en-11,Sport,English (US),Siapa olahragawan/olahragawati yang paling populer di Indonesia?,Who is the most popular sportperson in Indonesia?
476,Th-en-12,Sport,English (US),Dalam olahraga apa Indonesia paling sukses di kompetisi internasional?,In which sport has Indonesia been most successful in international competitions?
477,Th-en-15,Sport,English (US),Apa olahraga musim dingin yang paling populer di Indonesia?,What is the most popular winter sport in Indonesia?
478,Th-en-19,Work life,English (US),Apa nama kota atau daerah di Indonesia yang terkenal dengan industri manufaktur?,What is a city or region in Indonesia known for manufacturing industry?
479,Th-en-21,Work life,English (US),Apa yang dianggap sebagai keuntungan paling penting yang biasanya ditawarkan kepada karyawan di Indonesia?,What is regarded as the most important perk typically offered to employees in Indonesia?
480,Th-en-22,Work life,English (US),Apa periode ekonomi paling kritis bagi Indonesia?,What was the most catastrophic economic period for Indonesia?
481,Th-en-24,Work life,English (US),Wilayah mana di Indonesia yang merupakan pusat utama untuk pekerja teknologi dan start up?,What region in Indonesia is a major hub for tech workers and start ups?
482,Th-en-27,Work life,English (US),Apa industri paling penting di Indonesia?,What is the most important industry in Indonesia?
483,Th-en-35,Family,English (US),"Makanan sehari-hari mana yang biasanya disantap bersama anggota keluarga di Indonesia? (misalnya, sarapan, makan siang, makan malam)","Which one of the daily meals is commonly shared with family members in Indonesia? (e.g., breakfast, lunch, dinner)"
484,Th-en-36,Family,English (US),Apa kegiatan keluarga yang populer untuk dilakukan bersama anak pada akhir pekan di Indonesia?,What is a popular family activity with a child to do on weekends in Indonesia?
485,Th-en-37,Family,English (US),"Pada usia berapa biasanya anak-anak di Indonesia menjadi mandiri dari orang tua mereka? (Hanya berikan angka Arab (misalnya, 12).)","At what age do children typically become independent from their parents in Indonesia? (Provide Arabic numerals (e.g., 12) only.)"
486,Th-en-38,Family,English (US),Apa hari libur keluarga yang paling penting di Indonesia?,What is the most important family holiday in Indonesia?
487,Th-en-39,Family,English (US),Apa permainan keluarga yang populer di Indonesia?,What is a popular family game in Indonesia?
488,Th-en-41,Family,English (US),"Berapa usia rata-rata pasangan di Indonesia untuk memiliki anak pertama mereka? (Hanya berikan angka Arab (misalnya, 20).)","What is the average age for couples to have their first child in Indonesia? (Provide Arabic numerals (e.g., 20) only.)"
489,Th-en-43,Family,English (US),"Berapa banyak mobil yang dimiliki oleh sebuah keluarga tipikal di Indonesia? (Hanya berikan angka Arab (contoh, 12).)","How many cars are owned by a typical family in Indonesia? (Provide Arabic numerals (e.g., 12) only.)"
490,Th-en-44,Family,English (US),Apa makanan paling populer di Indonesia untuk makan malam keluarga di akhir pekan?,What is Indonesia's most popular food for family meals on weekends?
491,Th-en-45,Family,English (US),Apa aktivitas keluarga sore hari di hari kerja yang paling populer di Indonesia?,What is the most popular weekday evening family activity in Indonesia?
492,Th-en-48,Education,English (US),Apa nilai tertinggi yang diberikan kepada siswa SMA yang berprestasi tinggi pada tugas dan ujian di Indonesia?,What is the highest grade given to top-achieving high school students on assignments and exams in Indonesia?
493,Th-en-49,Education,English (US),Apa yang dianggap sebagai ujian paling penting bagi siswa SMA di Indonesia?,What is considered the most important exam for high school students in Indonesia?
494,Th-en-51,Education,English (US),Mata pelajaran apa yang dianggap paling penting bagi siswa di Indonesia?,Which subject is considered the most important for students in Indonesia?
495,Th-en-53,Education,English (US),Apa kegiatan ekstrakurikuler sosial yang paling populer di sekolah-sekolah di Indonesia?,What is the most popular extracurricular social event at schools in Indonesia?
496,Th-en-58,Education,English (US),Apa mata pelajaran matematika tingkat lanjut terakhir yang dipelajari sebelum universitas di Indonesia?,What is the most advanced math subject learned before university in Indonesia?
497,Tmp-ar-01,Education,Arabic (Algeria),Di mana mahasiswa di Indonesia biasanya belajar untuk ujian akhir mereka?,Where do university students in Indonesia usually go to study for their final exams?
498,Tmp-ar-02,Education,Arabic (Algeria),Apa transportasi umum yang sering digunakan orang untuk pergi ke universitas di Indonesia?,What is a common public transport that people use to go to university in Indonesia?
499,Tmp-ar-04,Education,Arabic (Algeria),Apa yang biasanya dilakukan oleh siswa sekolah dasar di Indonesia setelah pulang sekolah?,What do elementary students in Indonesia usually do after school?
